:020000040800F2
:100000000000022035270008952500089D250008DE
:10001000A5250008AD250008B52500080000000052
:10002000000000000000000000000000BD250008E6
:10003000CB25000800000000D9250008E7250008AE
:1000400085270008852700088527000885270008E0
:1000500085270008852700088527000885270008D0
:1000600085270008852700088527000885270008C0
:1000700085270008852700088527000885270008B0
:1000800085270008852700088527000885270008A0
:100090008527000885270008852700088527000890
:1000A0008527000885270008852700088527000880
:1000B0008527000885270008852700088527000870
:1000C0008527000885270008852700088527000860
:1000D0008527000885270008F525000885270008E2
:1000E0008527000885270008852700088527000840
:1000F0008527000885270008852700088527000830
:10010000852700088527000885270008852700081F
:10011000852700088527000885270008852700080F
:1001200085270008852700088527000885270008FF
:1001300085270008852700088527000885270008EF
:1001400085270008852700088527000885270008DF
:1001500085270008852700088527000885270008CF
:1001600085270008852700088527000885270008BF
:100170008527000885270008852700080000000063
:0801800085270008852700080F
:1001880010B5054C237833B9044B13B10448AFF3C9
:1001980000800123237010BD8800002000000000AB
:1001A8009C77000808B5034B1BB103490348AFF31C
:1001B800008008BD000000008C0000209C7700082B
:1001C80053B94AB9002908BF00281CBF4FF0FF31B6
:1001D8004FF0FF3000F088B9ADF1080C6DE904CE9E
:1001E80000F006F8DDF804E0DDE9022304B070470A
:1001F8002DE9F047089D0F4604468C46002B48D150
:100208008A42164661D9B2FA82F34BB1C3F1200291
:1002180001FA03FC20FA02F29E4042EA0C0C9C40D0
:100228004FEA164EB7B2BCFBFEF1220C0EFB11CC06
:1002380042EA0C4201FB07F0904209D9B21801F1D9
:10024800FF3C80F0EE80904240F2EB80023932446D
:10025800121AA4B2B2FBFEF00EFB102244EA0244CA
:1002680000FB07F7A74209D9341900F1FF3280F0E3
:10027800DA80A74240F2D7803444023840EA01408D
:10028800E41B00211DB1DC400023C5E90043BDE8A3
:10029800F0878B4206D90DB1C5E900010021084657
:1002A800BDE8F087B3FA83F1002948D1BB4202D3F5
:1002B800824200F20781841A67EB03020120944608
:1002C800002DE4D0C5E9004CE1E7002A00F0928057
:1002D800B2FA82F3002B40F0A8808A1A4FEA164E31
:1002E8001FFA86FC0121200CB2FBFEF70EFB172239
:1002F80040EA02420CFB07F0904207D9B21807F116
:10030800FF3802D2904200F2E2804746121AA4B2A5
:10031800B2FBFEF00EFB102244EA02440CFB00FC88
:10032800A44507D9341900F1FF3202D2A44500F2DE
:10033800CB801046A4EB0C0440EA0740A2E7C1F1C9
:1003480020068B4022FA06FC4CEA030C07FA01F45B
:1003580020FA06F3F7404FEA1C49234300FA01F854
:100368001FFA8CFEB7FBF9F01C0C09FB107744EA66
:10037800074400FB0EF7A74202FA01F20AD91CEB68
:10038800040400F1FF3A80F09B80A74240F2988075
:1003980002386444E41B9FB2B4FBF9F309FB13442D
:1003A80047EA044403FB0EFEA64509D91CEB0404E6
:1003B80003F1FF3780F08280A6457FD9023B644471
:1003C80043EA0040A4EB0E04A0FB02E7BC427346DC
:1003D800B94663D360D05DB1B8EB030264EB09049E
:1003E80004FA06F622FA01F31E43CC40C5E900647C
:1003F80000214CE76208480842EAC1710B0C43EA45
:1004080000438AB242EA0342B3FBF6F1E407B4467A
:100418003746B6461F23B0FBF6F0D21B41EA00412F
:1004280061E7614614E7104628E7C3F1200120FA86
:1004380001F29E4027FA01F19F403A434FEA164ED7
:100448001FFA86FCB1FBFEF70EFB1710110C41EAF0
:10045800004107FB0CF8884504FA03F43AD97118EF
:1004680007F1FF3001D288451FD8A1EB0801B1FB85
:10047800FEF808FB0CF70EFB181192B242EA014293
:10048800BA422FD2B21808F1FF31C6D2BA42C4D24A
:10049800A8F102013244C0E7F0459CD2BEEB02034A
:1004A80067EB0C070138B94695E7A6EB0808414405
:1004B800B81EB1FBFEF808FB0CF7DCE73B467FE70C
:1004C800504667E70846FBE63444023832E7023F05
:1004D80032441BE7A1EB08013846B1FBFEF808FBE4
:1004E8000CF7C8E7414698E7704700BF80B586B06B
:1004F80000AF2D4B00221A802C4B00221A802C4B67
:1005080000221A702B4B1B68184600F085FE786194
:100518007B69002B01D0002342E0274B3B61254B30
:100528001B6807F110010122184601F04BFA7861A7
:100538007B69002B01D0002332E0204BFB601D4B70
:100548001B6807F10C010122184601F00DFB7861C8
:100558007B69002B01D0002322E0194BBB60154BAF
:100568001B6807F108010122184601F0C9FB7861F0
:100578007B69002B01D0002312E0124B7B600D4BEE
:100588001B68391D0122184601F086FC78617B69D9
:10059800002B01D0002303E0054B01221A70012330
:1005A80018461837BD4680BD1C0100201E010020DA
:1005B800F80200200000002050010020D878000830
:1005C800080200208002002080B487B000AF786065
:1005D800396000237B6135E000233B612CE07A69B8
:1005E80013465B0013443A691344FB607A69134667
:1005F8005B0013449B001A467B681A443B699B00C6
:10060800134493ED007A144AFB689B001344D3ED1E
:10061800007A77EE676A114AFB689B00134493EDF2
:10062800007AFB689B003A681344C6EE877AC3EDEC
:10063800007A3B6901333B613B69022BCFDD7B6963
:1006480001337B617B69092BC6DD00BF00BF1C3706
:10065800BD465DF8047B7047B8770008307800081D
:1006680080B5E6B000AF07F5CC73A3F5C27383ED90
:10067800000A07F5CC73A3F5C473C3ED000A07F5A8
:10068800CC73A3F5C67383ED001A07F5CC73A3F5F5
:10069800C873186007F5CC73A3F5CA731960A64B25
:1006A8001B881946A54A0B465B000B449B00134464
:1006B80007F5CC72A2F5C27212681A609E4B1B88AD
:1006C80019469E4A0B465B000B449B0013440433B7
:1006D80007F5CC72A2F5C47212681A60964B1B8893
:1006E8001946964A0B465B000B449B00134408339B
:1006F80007F5CC72A2F5C67212681A608E4B1B8879
:100708005A1C8F4B83FB02139910D317C91A0B4637
:100718009B000B445B00D11A8AB2874B1A80894B25
:100728001B88092B05D8874B1B8801339AB2854B48
:100738001A80844B1B88092B01D80023F6E000237C
:10074800C7F8943155E07C4B1B881A46D7F894318A
:100758001A447B4B83FB02139910D317C91A0B4613
:100768009B000B445B00D31AC7F880317349D7F854
:10077800802113465B0013449B000B441968D7F88B
:10078800942113465B0013449B0003F5CC733B4450
:10079800903B19606949D7F8802113465B001344E0
:1007A8009B000B4404331968D7F8942113465B0067
:1007B80013449B0003F5CC733B448C3B19605F49A1
:1007C800D7F8802113465B0013449B000B44083381
:1007D8001968D7F8942113465B0013449B0003F56E
:1007E800CC733B44883B1960D7F894310133C7F880
:1007F8009431D7F89431092BA5DD07F1900207F55C
:10080800847311461846FFF7DFFE4F4B1B7883F0C1
:100818000103DBB2002B0ED007F5CC73A3F5C07231
:1008280007F5CC73A3F584731046194678231A4646
:1008380006F03CF923E0454A07F5CC73A3F5847329
:100848001046194678231A4606F030F9404B1B68C3
:100858000121184600F010FDC7F88801D7F8883143
:10086800002B01D0002361E007F5CC73A3F5C0731A
:10087800384A1846114678231A4606F017F94FF0F9
:100888000003C7F890310023C7F88C3126E007F53C
:10089800CC73A3F5C072D7F88C319B00134493ED49
:1008A800007A07F5CC73A3F58472D7F88C319B00D6
:1008B8001344D3ED007A77EE677AC7ED617AD7ED06
:1008C800617A67EEA77A97ED647A77EE277AC7EDB3
:1008D800647AD7F88C310133C7F88C31D7F88C316A
:1008E8001D2BD4DD97ED647AF3EE0E6AC7EE267AF7
:1008F800C7ED647A07F5CC73A3F5C8731B68D7F8FE
:1009080090211A60D7ED647A9FED137AF4EEC77AD6
:10091800F1EE10FACCBF01230023DBB21A4607F52B
:10092800CC73A3F5CA731B681A700123184607F520
:10093800CC77BD4680BD00BF1E010020A40000206A
:10094800676666661C010020F80200200802002085
:100958000000002080020020B518DC3D80B485B07E
:1009680000AF87ED010A164B1B68164A02FB03F31A
:1009780003F540533933124A1360114B1B681B0CA3
:10098800C3F30E0307EE903AB8EE677ADFED0E6A0E
:10099800C7EE267AC7ED037AD7ED037AB6EE007A6A
:1009A80077EEC77A37EEA77AD7ED017A67EE277A1E
:1009B800B0EE670A1437BD465DF8047B704700BF88
:1009C800040000206D4EC64100000047F0B52DED33
:1009D800028B9BB000AF01F0D3FE05F0FBFB00F0EB
:1009E800F1F800F0A5F900F079F900F049F9FFF7FE
:1009F8007DFD00F0D7FA01F015FE684801F06FFCA4
:100A080001226749674804F0E8FB01F01FFF03462D
:100A1800654A13604FF000037B66644B1B78DBB2BA
:100A2800012B28D1624B1B68184605F00FFC0346C2
:100A380087F8633097F86330002B01D1A52300E0D5
:100A48005A23BB723A4607F10A000823012101F034
:100A5800DBFB0346A7F86030B7F86030002B07D0FF
:100A6800B7F8602039464FF0FF334E4804F02AFBB0
:100A78004E4B00221A704F4B1B7883F00103DBB2F8
:100A8800002B0ED001F0E2FE0246474B1B68D31A3A
:100A980042F21072934204D905F03CFB454B012207
:100AA8001A7001233B7401F0D1FE0346C7F81130D8
:100AB800D7ED197A9FED407A67EE877AB0EE670A2C
:100AC80006F02CF8F0EE407AB1EE047A67EE877AF9
:100AD8009FED3A7A37EE878AB7EE080AFFF73EFFAE
:100AE800F0EE407A78EE277A17EE903AC7F815308C
:100AF80001F0C2FDF0EE407A17EE903AC7F81930CF
:100B08002F4BC7F81D304FF00003FB600023FB722A
:100B1800D7F8154023461C46D7F819502B461D46D2
:100B2800D7F81D6033461E4607F10B0207F10C0388
:100B38001146184601EE106A00EE905A00EE104A6F
:100B4800FFF78EFDFB68C7F82130FB7A87F8253060
:100B580007F1280107F110033422184601F0ECFAD6
:100B68000346A7F85E30B7F85E30002B08D0B7F818
:100B78005E2007F128014FF0FF330A4804F0A2FA7B
:100B8800D7ED197AB6EE007A77EE877AC7ED197A3B
:100B98004FF4FA7001F066FE3FE700BF98030020AB
:100BA800CC05002050030020D4050020CD050020EE
:100BB800D0050020D8050020CDCC4C3D00003442A3
:100BC8000000FA4380B594B000AF07F1200330224B
:100BD8000021184605F038FF07F10C0300221A60BF
:100BE8005A609A60DA601A610023BB60224B1B6C62
:100BF800214A43F0805313641F4B1B6C03F080534E
:100C0800BB60BB6800237B601C4B1B681B4A43F41A
:100C180080431360194B1B6803F480437B607B6837
:100C280002233B620123FB6210233B630023BB6367
:100C380007F12003184603F09FFD0346002B01D05F
:100C480000F0AAF90F23FB6000233B6100237B61BE
:100C58000023BB610023FB6107F10C030021184648
:100C680004F002F80346002B01D000F095F900BF0C
:100C78005037BD4680BD00BF0038024000700040BC
:100C880080B500AF124B134A1A60114B124A5A60D2
:100C98000F4B00229A600E4B0022DA600C4B4FF487
:100CA80080421A610A4B00225A61094B00229A615C
:100CB800074B0022DA61064B00221A62044802F050
:100CC80009FC0346002B01D000F066F900BF80BD87
:100CD800FC02002000540040A086010080B500AF4F
:100CE800114B124A1A60104B4FF4E1325A600E4B06
:100CF80000229A600C4B0022DA600B4B00221A612A
:100D0800094B0C225A61084B00229A61064B0022BB
:100D1800DA61054804F086F90346002B01D000F09B
:100D28003BF900BF80BD00BF5003002000440040D5
:100D380080B483B000AF00237B60104B1B6B0F4A5D
:100D480043F0010313630D4B1B6B03F001037B603E
:100D58007B6800233B60094B1B6B084A43F0020386
:100D68001363064B1B6B03F002033B603B6800BF39
:100D78000C37BD465DF8047B704700BF0038024061
:100D880080B584B000AFA5237B733A1D07F10D0031
:100D98000823012101F038FA0346FB81FB89002B67
:100DA80006D0FA89391D4FF0FF33034804F08AF959
:100DB80000BF1037BD4680BD5003002080B584B009
:100DC80000AF5A237B733A1D07F10D000823012158
:100DD80001F01AFA0346FB81FB89002B06D0FA8939
:100DE800391D4FF0FF33034804F06CF900BF10378A
:100DF800BD4680BD5003002080B58AB000AF786042
:100E08000B467B807B88002B02D1FFF7D7FF6AE077
:100E18007B681B7887F8273097F82730032B42D058
:100E2800032B5DDC012B02D0022B11D058E07B880C
:100E3800042B02D8FFF7C2FF55E07B6801331B681B
:100E4800BB61BB69294A1360294B01221A704AE029
:100E58007B88062B02D8FFF7B1FF44E07B6801339B
:100E68001B687B617B6805331B889BB27B827B6830
:100E780007333B627B8A9A1D7B889A4202DBFFF725
:100E88009DFF30E07B697A8A396A184605F02AFAAC
:100E98000346FB77FB7F002B02D1FFF771FF22E0AF
:100EA800FFF78CFF1FE07B88042B02D8FFF786FF33
:100EB80019E07B6801331B68FB60FB68184605F086
:100EC80061FA034687F8263097F82630002B04D1BC
:100ED800FFF756FF05F03FF905E0FFF76FFF02E067
:100EE800FFF76CFF00BF2837BD4680BDD005002046
:100EF800CD05002080B584B000AF78607B681B68A2
:100F08000E4A934215D10E4B1B7819460D4801F035
:100F1800F7F90346FB81B7F90E30002B04DDFB8996
:100F280019460948FFF768FF01220549074804F0F8
:100F380054F900BF1037BD4680BD00BF00440040D3
:100F4800CC050020980300209903002050030020BE
:100F580080B584B000AF78607B681B680B4A934209
:100F68000FD10023FB607B681B681B68FB607B68F4
:100F78001B685B68FB60FB6801220549054804F0B3
:100F88002CF900BF1037BD4680BD00BF00440040AB
:100F9800CC0500205003002080B400AF72B600BF1B
:100FA80000BFFDE780B586B004AF0023BB716423A2
:100FB8000322D021274802F0FDFE0346FB71FB798E
:100FC800002B01D0002340E0642302930123019306
:100FD800BB1D009301237522D0211E4802F0B8FCE6
:100FE8000346FB71FB79002B02D1BB79682B01D03A
:100FF80000232AE000237B716423029301230193D9
:101008007B1D009301236B22D021124802F0A6FB1E
:101018000346FB71FB79002B01D0002315E0002368
:101028003B7164230293012301933B1D0093012329
:101038001C22D021074802F091FB0346FB71FB7983
:10104800002B01D0002300E0012318460837BD46D5
:1010580080BD00BFFC02002080B58EB004AFF860F0
:10106800B9607A604FF0FF3302930623019307F1CA
:101078001403009301233B22D021244802F068FC8A
:101088003B7D1BB21B021AB27B7D1BB21343FB8450
:10109800BB7D1BB21B021AB2FB7D1BB21343BB8480
:1010A8003B7E1BB21B021AB27B7E1BB213437B84AE
:1010B8004FF08D43FB61B7F9263007EE903AF8EE12
:1010C800E76A97ED077AC6EE877AFB68C3ED007A80
:1010D800B7F9243007EE903AF8EEE76A97ED077A09
:1010E800C6EE877ABB68C3ED007AB7F9223007EEFF
:1010F800903AF8EEE76A97ED077AC6EE877A7B684A
:10110800C3ED007A00BF2837BD4680BDFC02002031
:1011180080B485B000AF78600023FB6009E07B688D
:10112800FA68083253F82230002B06D0FB680133E6
:10113800FB60FB68002BF2D000E000BF7B681B69F6
:10114800FA68012A02D14FF0806200E000221A43B7
:101158007B681A610023FB6009E07B68FA680A3241
:1011680053F82230002B06D0FB680133FB60FB6884
:10117800002BF2D000E000BF7B681B69FA68012AE7
:1011880002D14FF0006200E000221A437B681A6126
:101198000023FB600AE07A68FB680A339B0013446B
:1011A8005B68002B06D0FB680133FB60FB68002BF3
:1011B800F1D000E000BF7B681B69FA68012A02D100
:1011C8004FF0805200E000221A437B681A61002326
:1011D800FB600AE07A68FB6808339B0013445B688D
:1011E800002B06D0FB680133FB60FB68002BF1D0B5
:1011F80000E000BF7B681B69FA68012A02D14FF042
:10120800804200E000221A437B681A6100BF14374D
:10121800BD465DF8047B7047B0B584B000AF786018
:101228007B68FB60FB6800225A61FB68002B02D1D7
:101238004FF4403317E0FB6803F00703002B01D09D
:101248000B4B10E0FB680B4A1C4615460FCD0FC42C
:101258000FCD0FC495E80F0084E80F00F868FFF77A
:1012680057FFFB685B6918461037BD46B0BD00BF25
:1012780002000300A878000880B5DEB000AF07F5CB
:10128800BC73A3F5BA7318600A4607F5BC73A3F2DA
:1012980075131A7007F5BC73A3F5BA731B68C7F802
:1012A8007431D7F87431002B02D14FF4403383E303
:1012B800D7F8743103F00703002B01D0514B7BE3BF
:1012C800D7F874311B68504A93420DD0D7F874315F
:1012D8005B69002B04D1D7F874314FF440325A615E
:1012E800D7F874315B6967E3D7F87431002B02D102
:1012F8004FF4403360E3D7F8743103F00703002B51
:1013080001D0404B58E3D7F874311B6903F0806370
:10131800002B0DD1D7F874315B69002B04D1D7F8B5
:1013280074314FF480225A61D7F874315B6943E312
:10133800D7F87431002B02D14FF440333CE3D7F88F
:10134800743103F00703002B01D02E4B34E3D7F898
:1013580074311B6903F00063002B0CD1D7F874318A
:101368005B69002B03D1D7F87431284A5A61D7F842
:1013780074315B6920E3D7F87431002B02D14FF444
:10138800403319E3D7F8743103F00703002B01D079
:101398001C4B11E3D7F874311B6903F08053002B01
:1013A8000CD1D7F874315B69002B03D1D7F87431AD
:1013B800174A5A61D7F874315B69FDE2D7F874317E
:1013C800002B02D14FF44033F6E2D7F8743103F022
:1013D8000703002B01D00B4BEEE2D7F874311B69E1
:1013E80003F08043002B17D1D7F874315B69002BC9
:1013F80003D1D7F87431074A5A61D7F874315B6959
:10140800DAE200BF020003000001C0B110000400CE
:101418002000040040000400D7F874311B6A7833B8
:10142800C7F84031D7F874319B6AC7F84431D7F808
:1014380074315B6AC7F84831D7F874315B6A03F5D1
:10144800F063C7F84C311E23C7F850311023C7F892
:1014580054310123C7F85831D7F874319B69002BF0
:1014680018D00023C7F834310123C7F83831D7F82A
:1014780074319B6AC7F8303107F59873C7F83C3167
:10148800D7F874319B69D7F87421D06907F59A7237
:101498000121984707F5A073184605F05DF9D7F8BC
:1014A80074319B69002B19D00023C7F8243101231C
:1014B800C7F82831D7F874311B6A7833C7F8203158
:1014C80007F59073C7F82C31D7F874319B69D7F8B2
:1014D8007421D06907F5927202219847D7F87431C0
:1014E8001B6AC7F87031D7F874311B6A7833C7F8AC
:1014F8006C31D7F874319B69002B17D00023C7F8DB
:1015080014310123C7F81831D7F86C31C7F81031F6
:1015180007F58873C7F81C31D7F874319B69D7F879
:101528007421D06907F58A72012198471022002397
:10153800D7F86C11D7F8700105F064FAD7F8743150
:101548009B69002B17D00023C7F804310123C7F883
:101558000831D7F87031C7F8003107F58073C7F83C
:101568000C31D7F874319B69D7F87421D06907F525
:10157800827202219847D7F874311B6A4033C7F842
:10158800E430D7F874311B6AC7F8E830D7F87431FB
:101598005B6A03F5F863C7F8EC30D7F874315B6A17
:1015A80003F50C63C7F8F0301023C7F8F4300423B0
:1015B800C7F8F8300123C7F8FC30D7F874319B69B5
:1015C800002B18D00123C7F8D8300123C7F8DC3026
:1015D800D7F874311B6AC7F8D43007F1D403C7F8B9
:1015E800E030D7F874319B69D7F87421D06907F1D6
:1015F800D8020121984707F1E403184605F0ACF832
:10160800D7F874319B69002B19D00123C7F8C8306B
:101618000123C7F8CC30D7F874311B6A4033C7F8B8
:10162800C43007F1C403C7F8D030D7F874319B69C8
:10163800D7F87421D06907F1C80202219847D7F872
:1016480074311B6AC7F86831D7F874311B6A4033A4
:10165800C7F86431D7F874319B69002B17D0012380
:10166800C7F8B8300123C7F8BC30D7F86431C7F8D9
:10167800B43007F1B403C7F8C030D7F874319B69A8
:10168800D7F87421D06907F1B802012198470422DC
:101698000023D7F86411D7F8680105F0B3F9D7F833
:1016A80074319B69002B17D00123C7F8A830012398
:1016B800C7F8AC30D7F86831C7F8A43007F1A403ED
:1016C800C7F8B030D7F874319B69D7F87421D0695E
:1016D80007F1A80202219847D7F874311B6A103322
:1016E800C7F88830D7F874311B6AC7F88C30D7F838
:1016F80074315B6A03F50D63C7F89030D7F874311D
:101708005B6A03F51D63C7F894300423C7F8983063
:101718001023C7F89C300123C7F8A030D7F87431DC
:101728009B69002B1AD00223FB670123C7F880307E
:10173800D7F874311A6A07F5BC73A3F580731A6079
:1017480007F17803C7F88430D7F874319B69D7F864
:101758007421D06907F17C020121984707F18803B9
:10176800184604F0F9FFD7F874319B69002B26D08E
:1017780007F5BC73A3F5867302221A6007F5BC73DC
:10178800A3F5867301225A60D7F874311B6A03F1F6
:10179800100207F5BC73A3F588731A6007F5BC73CC
:1017A800A3F5867307F168029A60D7F874319B69CC
:1017B800D7F87421D06907F16C0202219847D7F84D
:1017C80074311B6A7833C7F86031D7F874311B6AF3
:1017D8001033C7F85C31D7F874319B69002B23D0DC
:1017E80007F5BC73A3F58E7302221A6007F5BC7364
:1017F800A3F58E7301225A6007F5BC73A3F59073A5
:10180800D7F85C211A6007F5BC73A3F58E7307F14E
:1018180058029A60D7F874319B69D7F87421D06957
:1018280007F15C020121984710220023D7F85C11C8
:10183800D7F8600105F0E6F8D7F874319B69002BFA
:1018480023D007F5BC73A3F5967302221A6007F537
:10185800BC73A3F5967301225A6007F5BC73A3F510
:101868009873D7F860211A6007F5BC73A3F59673CF
:1018780007F148029A60D7F874319B69D7F8742148
:10188800D06907F14C0202219847D7F87431DA6A17
:1018980007F5BC73A3F5A6731A60D7F874311B6AF1
:1018A80003F1780207F5BC73A3F5A6735A60D7F85D
:1018B80074315B6A03F5216207F5BC73A3F5A6735F
:1018C8009A60D7F874315B6A03F58C53103307F5C7
:1018D800BC72A2F5A672D36007F5BC73A3F5A67314
:1018E80010221A6107F5BC73A3F5A6731E225A616C
:1018F80007F5BC73A3F5A67301229A61D7F8743172
:101908009B69002B26D007F5BC73A3F5AC730322A3
:101918001A6007F5BC73A3F5AC7301225A60D7F8B7
:1019280074311B6A03F1780207F5BC73A3F5AE7333
:101938001A6007F5BC73A3F5AC7307F11C029A6033
:10194800D7F874319B69D7F87421D06907F1200260
:101958000121984707F12C03184604F0FDFED7F83B
:1019680074319B69002B24D007F5BC73A3F5B473BD
:1019780003221A6007F5BC73A3F5B47301225A60F9
:10198800D7F87431DA6A07F5BC73A3F5B6731A6031
:1019980007F5BC73A3F5B47307F10C029A60D7F886
:1019A80074319B69D7F87421D06907F110020221BC
:1019B8009847D7F874315B69184607F5BC77BD4678
:1019C80080BD00BF80B588B000AFF860B9607A60AC
:1019D800FB68BB61BB69002B02D14FF44033B5E013
:1019E800BB6903F00703002B01D05A4BAEE0BB697B
:1019F8001B68594A93420AD0BB695B69002B03D123
:101A0800BB694FF440325A61BB695B699EE00423AD
:101A18007B61BB69002B02D14FF4403396E0BB6970
:101A280003F00703002B01D04A4B8FE0BB68002B63
:101A380009D1BB695B69002B02D1BB69474A5A616E
:101A4800BB695B6982E0BB69002B02D14FF440336C
:101A58007CE0BB6903F00703002B01D03D4B75E028
:101A68007B68012B09D0BB695B69002B02D1BB697C
:101A78003B4A5A61BB695B6968E00023FB6152E03D
:101A8800BB69002B02D14FF440335FE0BB6903F020
:101A98000703002B01D02F4B58E0FB699B00BA6865
:101AA80013441B68002B0AD1BB695B69002B03D167
:101AB800BB694FF480225A61BB695B6946E0BB6928
:101AC800002B02D14FF4403340E0BB6903F0070319
:101AD800002B01D01F4B39E0FB699B00BA68134407
:101AE8001B681A46FB699B0020333B4453F80C3CA7
:101AF800013B1340002B09D0BB695B69002B02D165
:101B0800BB69184A5A61BB695B691FE0FB699B00A6
:101B1800BA6813441968BB69FA69083243F8221095
:101B2800FB690133FB61BB68002B02D0FB69002B0A
:101B3800A6D0BB681A68BB699A62BB681A68BB6999
:101B4800DA62B869FFF7E4FABB695B6918462037BF
:101B5800BD4680BD020003000001C0B101000200C3
:101B6800010004007000040080B588B000AFF86080
:101B7800B9607A60FB68BB61BB69002B02D14FF486
:101B88004033ADE0BB6903F00703002B01D0564B8F
:101B9800A6E0BB691B68554A93420AD0BB695B69DA
:101BA800002B03D1BB694FF440325A61BB695B69B2
:101BB80096E004237B61BB69002B02D14FF44033CC
:101BC8008EE0BB6903F00703002B01D0464B87E08A
:101BD800BB68002B09D1BB695B69002B02D1BB69CB
:101BE800434A5A61BB695B697AE0BB69002B02D141
:101BF8004FF4403374E0BB6903F00703002B01D0B6
:101C0800394B6DE07B68012B09D0BB695B69002B00
:101C180002D1BB69374A5A61BB695B6960E000233E
:101C2800FB6152E0BB69002B02D14FF4403357E00F
:101C3800BB6903F00703002B01D02B4B50E0FB6975
:101C48009B00BA6813441B68002B09D1BB695B6908
:101C5800002B02D1BB69284A5A61BB695B693FE026
:101C6800BB69002B02D14FF4403339E0BB6903F064
:101C78000703002B01D01C4B32E0FB699B00BA68BC
:101C880013441B681A46FB699B0020333B4453F8F6
:101C98000C3C013B1340002B09D0BB695B69002B4E
:101CA80002D1BB69154A5A61BB695B6918E0FB69D7
:101CB8009B00BA6813441A68B969FB6908339B002A
:101CC8000B445A60FB690133FB61BB68002B02D0EF
:101CD800FB69002BA6D0B869FFF71AFABB695B69E4
:101CE80018462037BD4680BD020003000001C0B180
:101CF80001000200410004004000040070000400DC
:101D080080B588B000AFF860B9607A6004237B6161
:101D1800FB68BB61BB69002B02D14FF44033AAE0DA
:101D2800BB6903F00703002B01D0554BA3E0BB6947
:101D38001B68544A93420AD0BB695B69002B03D1E4
:101D4800BB694FF440325A61BB695B6993E0BB6978
:101D5800002B02D14FF440338DE0BB6903F0070339
:101D6800002B01D0464B86E0BB68002B09D1BB692C
:101D78005B69002B02D1BB69434A5A61BB695B6945
:101D880079E0BB69002B02D14FF4403373E0BB69A3
:101D980003F00703002B01D0394B6CE07B68012B63
:101DA80009D0BB695B69002B02D1BB69374A5A610C
:101DB800BB695B695FE00023FB6151E0BB69002BF5
:101DC80002D14FF4403356E0BB6903F00703002B00
:101DD80001D02B4B4FE0FB699B00BA6813441B688A
:101DE800002B09D1BB695B69002B02D1BB69284A6A
:101DF8005A61BB695B693EE0BB69002B02D14FF4B5
:101E0800403338E0BB6903F00703002B01D01C4BBB
:101E180031E0FB699B00BA6813441B681A46FB69EA
:101E28009B0020333B4453F80C3C013B1340002BF0
:101E380009D0BB695B69002B02D1BB69154A5A619D
:101E4800BB695B6917E0FB699B00BA6813441968B2
:101E5800BB69FA690A3243F82210FB690133FB6156
:101E6800BB68002B02D0FB69002BA7D0B869FFF72D
:101E78004FF9BB695B6918462037BD4680BD00BF76
:101E8800020003000001C0B10100020011000400BB
:101E9800100004007000040080B588B000AFF8603E
:101EA800B9607A6004237B61FB68BB61BB69002B66
:101EB80002D14FF44033ACE0BB6903F00703002BB9
:101EC80001D0564BA5E0BB691B68554A93420AD01E
:101ED800BB695B69002B03D1BB694FF440325A617F
:101EE800BB695B6995E0BB69002B02D14FF44033B5
:101EF8008FE0BB6903F00703002B01D0474B88E054
:101F0800BB68002B09D1BB695B69002B02D1BB6997
:101F1800444A5A61BB695B697BE0BB69002B02D10B
:101F28004FF4403375E0BB6903F00703002B01D081
:101F38003A4B6EE07B68012B09D0BB695B69002BCB
:101F480002D1BB69384A5A61BB695B6961E0002309
:101F5800FB6152E0BB69002B02D14FF4403358E0DB
:101F6800BB6903F00703002B01D02C4B51E0FB6940
:101F78009B00BA6813441B68002B09D1BB695B69D5
:101F8800002B02D1BB69294A5A61BB695B6940E0F1
:101F9800BB69002B02D14FF440333AE0BB6903F030
:101FA8000703002B01D01D4B33E0FB699B00BA6887
:101FB80013441B681A46FB699B0020333B4453F8C3
:101FC8000C3C013B1340002B09D0BB695B69002B1B
:101FD80002D1BB69164A5A61BB695B6919E0FB69A2
:101FE8009B00BA6813441A68B969FB690A339B00F5
:101FF8000B445A60FB690133FB61BB68002B03D0BB
:10200800FA697B689A42A5D3B869FFF781F8BB697A
:102018005B6918462037BD4680BD00BF020003003B
:102028000001C0B1010002002100040020000400EA
:102038007000040080B487B000AF786039604FF654
:10204800FF73FB8200233B6129E07A683B691344F4
:102058001B781BB21B021AB2B7F9163053401BB2D9
:10206800FB820023FB6014E0B7F91630002B0ADA74
:10207800B7F916305B001BB283F4815383F0010378
:102088001BB2FB8202E0FB8A5B00FB82FB68013328
:10209800FB60FB68072BE7DD3B6901333B613A696D
:1020A8003B689A42D1D3FB8A18461C37BD465DF877
:1020B800047B704780B485B000AFB96011461A46FA
:1020C8000346FB730B46BB811346FB80FB7B7E2BD1
:1020D80002D0FB7B7D2B1AD1BB895A1CFB889A4204
:1020E80001DB002322E0BB895A1CBA811A46BB686F
:1020F80013447D221A70BB895A1CBA811A46BB68E0
:102108001344FA7B82F02002D2B21A700DE0BA8929
:10211800FB889A4201D3002308E0BB895A1CBA8184
:102128001A46BB681344FA7B1A70BB8918461437E1
:10213800BD465DF8047B704780B588B000AFF86095
:10214800B9601346FB800023FB83FB687B61FB8837
:10215800032B01D8002353E0FB8B5A1CFA831A4641
:10216800BB6813447E221A700023BB6112E07A69AF
:10217800BB6913441878FB88FA8BB968FFF79AFF94
:102188000346FB83FB8B002B01D1002338E0BB699E
:102198000133BB61BB69152BE9D916217869FFF7B3
:1021A80049FF03467B827B8A1B0A9BB2D8B2FB8815
:1021B800FA8BB968FFF77EFF0346FB83FB8B002B86
:1021C80001D100231CE07B8AD8B2FB88FA8BB9685E
:1021D800FFF770FF0346FB83FB8B002B01D1002325
:1021E8000EE0FA8BFB889A4201D3002308E0FB8BB0
:1021F8005A1CFA831A46BB6813447E221A70FB8B5A
:1022080018462037BD4680BD80B586B000AFF8605F
:102218007A601A460B467B8113463B810023FB827A
:102228003B89032B01D8002355E0FB8A5A1CFA820C
:102238001A467B6813447E221A700023BB8212E080
:10224800BB8AFA68134418783B89FA8A7968FFF7D9
:1022580031FF0346FB82FB8A002B01D100233AE0C1
:10226800BB8A0133BB82BA8A7B899A42E8D37B89CD
:102278001946F868FFF7DEFE03467B827B8A1B0A55
:102288009BB2D8B23B89FA8A7968FFF713FF0346F5
:10229800FB82FB8A002B01D100231CE07B8AD8B289
:1022A8003B89FA8A7968FFF705FF0346FB82FB8AB8
:1022B800002B01D100230EE0FA8A3B899A4201D310
:1022C800002308E0FB8A5A1CFA821A467B681344EA
:1022D8007E221A70FB8A18461837BD4680BD80B426
:1022E80083B000AF78607B6800221A707B68002298
:1022F800A3F8322200BF0C37BD465DF8047B704757
:1023080080B584B000AF78600B46FB70FB787E2BFD
:1023180040D17B681B78012B33D17B68B3F832320C
:10232800012B2ED97B68B3F83232023BFB81FB8943
:102338007A6813445B781BB21B021AB2FB8901331B
:1023480079680B445B781BB213431BB2BB817B6873
:102358000133FA8911461846FFF76CFE03467B8164
:102368007B6800221A707B680022A3F83222BA899F
:102378007B899A4202D1B7F90E3043E04FF0FF3320
:1023880040E07B6801221A707B680022A3F83222A1
:10239800002337E07B681B78002B01D1002331E054
:1023A8007B681B78022B07D1FB7883F02003FB7036
:1023B8007B6801221A7007E0FB787D2B04D17B68CB
:1023C80002221A7000231DE07B68B3F83232B3F59D
:1023D8000C7F09D37B6800221A707B680022A3F85F
:1023E80032226FF001030DE07B68B3F832325A1CD9
:1023F80091B27A68A2F832121A467B681344FA78C6
:102408005A70002318461037BD4680BD80B483B08B
:1024180000AF00237B60104B5B6C0F4A43F4804392
:1024280053640D4B5B6C03F480437B607B68002333
:102438003B60094B1B6C084A43F080531364064BFE
:102448001B6C03F080533B603B6800BF0C37BD46F4
:102458005DF8047B704700BF0038024080B58AB041
:1024680000AF786007F1140300221A605A609A607E
:10247800DA601A617B681B68194A93422BD10023E2
:102488003B61184B1B6B174A43F002031363154B50
:102498001B6B03F002033B613B69C0237B61122382
:1024A800BB610023FB6103233B6204237B6207F1CA
:1024B800140319460C4800F071FE0023FB60094B19
:1024C8001B6C084A43F400131364064B1B6C03F49B
:1024D8000013FB60FB6800BF2837BD4680BD00BF06
:1024E80000540040003802400004024080B58AB021
:1024F80000AF786007F1140300221A605A609A60EE
:10250800DA601A617B681B681D4A934233D1002345
:102518003B611C4B1B6C1B4A43F400331364194B7F
:102528001B6C03F400333B613B690023FB60154BD4
:102538001B6B144A43F001031363124B1B6B03F02C
:102548000103FB60FB680C237B610223BB61002352
:10255800FB6103233B6207237B6207F114031946DF
:10256800094800F01BFE00220021262000F079FA1D
:10257800262000F092FA00BF2837BD4680BD00BF74
:1025880000440040003802400000024080B400AF20
:1025980000BFFDE780B400AF00BFFDE780B400AF27
:1025A80000BFFDE780B400AF00BFFDE780B400AF17
:1025B80000BFFDE780B400AF00BFBD465DF8047BF7
:1025C800704780B400AF00BFBD465DF8047B70471C
:1025D80080B400AF00BFBD465DF8047B704780B58E
:1025E80000AF00F01FF900BF80BD000080B500AF4C
:1025F800024802F017FE00BF80BD00BF5003002054
:1026080080B400AF064BD3F88830054A43F4700312
:10261800C2F8883000BFBD465DF8047B704700BF34
:1026280000ED00E080B400AF114BDB68104A43F0C6
:102638008073D3604FF060430E4AC3F8B02F4FF059
:102648006043D3F8003E4FF0604243F00103C2F804
:10265800003E4FF06043D3F8803E4FF0604243F0B5
:102668000103C2F8803E00BFBD465DF8047B704799
:10267800F0ED00E055CEACC580B588B000AF4FF0A6
:102688000003FB6100237B8337E03A46391D07F1DD
:1026980008031846FEF7E0FC97ED027AD7ED027AB8
:1026A80027EE277AD7ED016AD7ED017A66EEA77A89
:1026B80037EE277AD7ED006AD7ED007A66EEA77A6B
:1026C80077EE277AB0EE670A04F0FEF987ED040A80
:1026D800D7ED047AB7EE007A77EEC77AC7ED037ABA
:1026E800D7ED037A67EEA77A97ED077A77EE277A20
:1026F800C7ED077A7B8B01337B837B8B1F2BC4D978
:10270800D7ED077ADFED086A87EEA67AB0EE470ABA
:1027180004F0DAF987ED050A7B6907EE903AB0EE26
:10272800670A2037BD4680BD00000042DFF834D07C
:10273800FFF766FF0C480D490D4A002302E0D45804
:10274800C4500433C4188C42F9D30A4A0A4C0023F3
:1027580001E013600432A242FBD304F083F9FEF7D0
:1027680035F9704700000220000000208400002096
:10277800D88E000888000020380B0020FEE70000F3
:1027880080B500AF0E4B1B680D4A43F4007313600D
:102798000B4B1B680A4A43F480631360084B1B68A1
:1027A800074A43F480731360032000F04FF90F20A9
:1027B80000F008F8FFF72AFE0023184680BD00BF86
:1027C800003C024080B582B000AF7860124B1A68B6
:1027D800124B1B7819464FF47A73B3FBF1F3B2FB33
:1027E800F3F3184600F067F90346002B01D00123E4
:1027F8000EE07B680F2B0AD8002279684FF0FF3073
:1028080000F02FF9064A7B681360002300E00123DB
:1028180018460837BD4680BD08000020100000207B
:102828000C00002080B400AF064B1B781A46064BFC
:102838001B681344044A136000BFBD465DF8047B5F
:10284800704700BF10000020DC05002080B400AFF6
:10285800034B1B681846BD465DF8047B704700BFF4
:10286800DC05002080B584B000AF7860FFF7EEFF8C
:10287800B8607B68FB60FB68B3F1FF3F05D00A4B8B
:102888001B781A46FB681344FB6000BFFFF7DEFFA6
:102898000246BB68D31AFA689A42F7D800BF00BF4D
:1028A8001037BD4680BD00BF1000002080B485B041
:1028B80000AF78607B6803F00703FB600C4BDB68B4
:1028C800BB60BA684FF6FF031340BB60FB681A028F
:1028D800BB68134343F0BF6343F40033BB60044A4F
:1028E800BB68D36000BF1437BD465DF8047B7047F2
:1028F80000ED00E080B400AF044BDB681B0A03F076
:1029080007031846BD465DF8047B704700ED00E0FC
:1029180080B483B000AF0346FB7197F90730002BF2
:102928000BDBFB7903F01F02074997F907305B09B6
:10293800012000FA02F241F8232000BF0C37BD46FF
:102948005DF8047B704700BF00E100E080B483B00D
:1029580000AF03463960FB7197F90730002B0ADB9B
:102968003B68DAB20C4997F907301201D2B20B442E
:1029780083F800230AE03B68DAB20849FB7903F0E0
:102988000F03043B1201D2B20B441A7600BF0C3776
:10299800BD465DF8047B704700E100E000ED00E013
:1029A80080B489B000AFF860B9607A60FB6803F062
:1029B8000703FB61FB69C3F10703042B28BF04234A
:1029C800BB61FB690433062B02D9FB69033B00E0BA
:1029D80000237B614FF0FF32BB6902FA03F3DA434D
:1029E800BB681A407B699A404FF0FF317B6901FA56
:1029F80003F3D9437B680B40134318462437BD467D
:102A08005DF8047B7047000080B582B000AF786045
:102A18007B68013BB3F1807F01D301230FE00A4AB1
:102A28007B68013B53600F214FF0FF30FFF78EFFAB
:102A3800054B00229A60044B07221A6000231846AF
:102A48000837BD4680BD00BF10E000E080B582B009
:102A580000AF78607868FFF729FF00BF0837BD46E8
:102A680080BD80B586B000AF0346B9607A60FB735D
:102A780000237B61FFF73EFF78617A68B96878695F
:102A8800FFF78EFF024697F90F3011461846FFF7F9
:102A98005DFF00BF1837BD4680BD80B582B000AF6E
:102AA8000346FB7197F907301846FFF731FF00BF5F
:102AB8000837BD4680BD80B582B000AF78607868C1
:102AC800FFF7A2FF034618460837BD4680BD80B50C
:102AD80084B000AF78607B689B6DFB60FFF7B6FE43
:102AE800B8607B6893F83530DBB2022B08D07B687E
:102AF80080225A657B68002283F83420012352E043
:102B08007B681B681A687B681B6822F016021A60CB
:102B18007B681B685A697B681B6822F080025A61CF
:102B28007B681B6C002B03D17B689B6C002B07D048
:102B38007B681B681A687B681B6822F008021A60A9
:102B48007B681B681A687B681B6822F001021A60A0
:102B580013E0FFF77BFE0246BB68D31A052B0CD99E
:102B68007B6820225A657B68032283F835207B68BE
:102B7800002283F83420032315E07B681B681B6858
:102B880003F00103002BE4D17B68DB6D3F229A4000
:102B9800FB689A607B68012283F835207B680022F5
:102BA80083F83420002318461037BD4680BD80B412
:102BB80083B000AF78607B6893F83530DBB2022BC6
:102BC80004D07B6880225A6501230CE07B680522CB
:102BD80083F835207B681B681A687B681B6822F0BD
:102BE80001021A60002318460C37BD465DF8047BC5
:102BF8007047000080B586B000AFF860B960C7E9DB
:102C08000023234B1B7E012B01D102233BE0204BE9
:102C180001221A764CF2503000F070F80346FB752A
:102C2800FB7D002B2BD1FB68002B05D13B78194687
:102C3800B86800F01BF916E0FB68012B05D13B884A
:102C48001946B86800F0EEF80DE0FB68022B05D1D4
:102C58003B681946B86800F0C3F804E0D7E90023D8
:102C6800B86800F08BF84CF2503000F047F8034693
:102C7800FB75084B1B69074A23F001031361044BDA
:102C880000221A76FB7D18461837BD4680BD00BF66
:102C980014000020003C024080B483B000AF002341
:102CA800FB710B4B1B69002B0BDA094B094A5A6065
:102CB800074B094A5A60064B1B69002B01DA0123AE
:102CC800FB71FB7918460C37BD465DF8047B7047ED
:102CD800003C024023016745AB89EFCD80B400AFCB
:102CE800054B1B69044A43F000431361002318464F
:102CF800BD465DF8047B7047003C024080B584B057
:102D080000AF78600023FB601A4B0022DA61FFF7FE
:102D18009DFDF86010E07B68B3F1FF3F0CD07B6845
:102D2800002B07D0FFF792FD0246FB68D31A7A689A
:102D38009A4201D2032319E00F4BDB6803F4803376
:102D4800002BE8D10C4BDB6803F00103002B02D009
:102D5800094B0122DA60084BDB6803F0F203002B11
:102D680003D000F0A5F8012300E00023184610372F
:102D7800BD4680BD14000020003C024080B485B0F0
:102D880000AFF860C7E90023144B1B69134A23F40A
:102D980040731361114B1B69104A43F4407313616C
:102DA8000E4B1B690D4A43F001031361FB683A6837
:102DB8001A60BFF36F8F00BFD7E900014FF0000220
:102DC8004FF000030A000023F968043113460B6032
:102DD80000BF1437BD465DF8047B7047003C0240D5
:102DE80080B483B000AF786039600D4B1B690C4A22
:102DF80023F4407313610A4B1B69094A43F40073B7
:102E08001361074B1B69064A43F0010313617B6892
:102E18003A681A6000BF0C37BD465DF8047B7047FE
:102E2800003C024080B483B000AF78600B467B80E2
:102E38000D4B1B690C4A23F4407313610A4B1B6941
:102E4800094A43F480731361074B1B69064A43F030
:102E5800010313617B687A881A8000BF0C37BD466E
:102E68005DF8047B704700BF003C024080B483B02B
:102E780000AF78600B46FB700C4B1B690B4A23F4C0
:102E880040731361094B094A1B691361074B1B699E
:102E9800064A43F0010313617B68FA781A7000BF91
:102EA8000C37BD465DF8047B704700BF003C02400C
:102EB80080B400AF274BDB6803F01003002B08D069
:102EC800254BDB6943F01003234AD361214B1022C1
:102ED800DA60204BDB6803F02003002B08D01E4B80
:102EE800DB6943F008031C4AD3611A4B2022DA60DD
:102EF800184BDB6803F04003002B08D0164BDB6946
:102F080043F00403144AD361124B4022DA60114B98
:102F1800DB6803F08003002B08D00F4BDB6943F01C
:102F280002030D4AD3610B4B8022DA60094BDB6840
:102F380003F00203002B08D0074BDB6943F02003A2
:102F4800054AD361034B0222DA6000BFBD465DF833
:102F5800047B7047003C02401400002080B584B018
:102F680000AF786039600023BB60314B1B7E012BBA
:102F780001D1022358E02E4B01221A764CF2503030
:102F8800FFF7BCFE0346FB73FB7B002B48D13B6875
:102F98004FF0FF321A607B681B68012B15D17B68E4
:102FA8001B69DAB27B685B681946104600F044F882
:102FB8004CF25030FFF7A2FE0346FB731D4B1B6912
:102FC8001C4A23F00403136128E07B689B68BB60FC
:102FD8001CE07B681B69DBB21946B86800F050F842
:102FE8004CF25030FFF78AFE0346FB73114B1B6906
:102FF800104A23F07A031361FB7B002B03D03B6854
:10300800BA681A600AE0BB680133BB607B68DA689B
:103018007B689B681344BA689A42DAD300F078F860
:10302800034B00221A76FB7B18461037BD4680BD3D
:1030380014000020003C024080B483B000AF034677
:103048003960FB710D4B1B690C4A23F44073136103
:103058000A4B1B69094A43F004031361074B1A69B9
:10306800FB791B021343054A43F48033136100BF05
:103078000C37BD465DF8047B704700BF003C02403A
:1030880080B485B000AF78600B46FB700023FB600E
:10309800FB78002B02D10023FB6010E0FB78012BAA
:1030A80003D14FF48073FB6009E0FB78022B03D156
:1030B8004FF40073FB6002E04FF44073FB60134B66
:1030C8001B69124A23F440731361104B1A690F49A4
:1030D800FB6813430B610D4B1B690C4A23F0780303
:1030E80013610A4B1A697B68DB001343074A43F0F4
:1030F80002031361054B1B69044A43F480331361CF
:1031080000BF1437BD465DF8047B7047003C0240A1
:1031180080B400AF204B1B6803F40073002B17D05A
:103128001D4B1B681C4A23F4007313601A4B1B6861
:10313800194A43F400631360174B1B68164A23F4BB
:1031480000631360144B1B68134A43F40073136045
:10315800114B1B6803F48063002B17D00E4B1B68C0
:103168000D4A23F4806313600B4B1B680A4A43F42F
:1031780080531360084B1B68074A23F4805313607D
:10318800054B1B68044A43F48063136000BFBD46C7
:103198005DF8047B704700BF003C024080B489B0F2
:1031A80000AF7860396000237B6100233B61002316
:1031B800BB610023FB616BE10122FB6902FA03F3A7
:1031C8007B613B681B687A6913403B613A697B699C
:1031D8009A4240F05A813B685B6803F00303012B75
:1031E80005D03B685B6803F00303022B30D17B6892
:1031F8009B68BB61FB695B00032202FA03F3DB43B4
:10320800BA691340BB613B68DA68FB695B0002FA84
:1032180003F3BA691343BB617B68BA699A607B6838
:103228005B68BB610122FB6902FA03F3DB43BA69FD
:103238001340BB613B685B681B0903F00102FB6933
:1032480002FA03F3BA691343BB617B68BA695A602F
:103258003B685B6803F00303032B17D07B68DB68CC
:10326800BB61FB695B00032202FA03F3DB43BA6923
:103278001340BB613B689A68FB695B0002FA03F381
:10328800BA691343BB617B68BA69DA603B685B68FB
:1032980003F00303022B23D1FB69DA087B680832A9
:1032A80053F82230BB61FB6903F007039B000F2230
:1032B80002FA03F3DB43BA691340BB613B681A693E
:1032C800FB6903F007039B0002FA03F3BA6913438F
:1032D800BB61FB69DA087B680832B96943F82210D8
:1032E8007B681B68BB61FB695B00032202FA03F37E
:1032F800DB43BA691340BB613B685B6803F00302B8
:10330800FB695B0002FA03F3BA691343BB617B688C
:10331800BA691A603B685B6803F44033002B00F01D
:10332800B4800023FB60604B5B6C5F4A43F48043CE
:1033380053645D4B5B6C03F48043FB60FB685B4A42
:10334800FB699B08023352F82330BB61FB6903F029
:1033580003039B000F2202FA03F3DB43BA6913400D
:10336800BB617B68524A93422BD07B68514A934297
:1033780025D07B68504A93421FD07B684F4A9342BE
:1033880019D07B684E4A934213D07B684D4A9342CA
:103398000DD07B684C4A934207D07B684B4A9342D6
:1033A80001D107230EE008230CE006230AE00523D9
:1033B80008E0042306E0032304E0022302E00123DB
:1033C80000E00023FA6902F0030292009340BA6910
:1033D8001343BB613549FB699B080233BA6941F85D
:1033E80023203B4B9B68BB613B69DB43BA691340B5
:1033F800BB613B685B6803F48013002B03D0BA6998
:103408003B691343BB61324ABB699360304BDB684D
:10341800BB613B69DB43BA691340BB613B685B68CE
:1034280003F40013002B03D0BA693B691343BB6153
:10343800274ABB69D360264B5B68BB613B69DB43AA
:10344800BA691340BB613B685B6803F40033002B27
:1034580003D0BA693B691343BB611D4ABB6953601A
:103468001B4B1B68BB613B69DB43BA691340BB61FB
:103478003B685B6803F48033002B03D0BA693B696F
:103488001343BB61124ABB691360FB690133FB61DB
:10349800FB690F2B7FF690AE00BF00BF2437BD46F7
:1034A8005DF8047B704700BF0038024000380140D7
:1034B800000002400004024000080240000C0240E4
:1034C800001002400014024000180240001C024094
:1034D800003C014080B584B000AF78607B68002B69
:1034E80001D101232BE17B6893F83D30DBB2002B3F
:1034F80006D17B68002283F83C207868FEF7AEFF8F
:103508007B68242283F83D207B681B681A687B68E7
:103518001B6822F001021A607B681B681A687B68C6
:103528001B6842F400421A607B681B681A687B6853
:103538001B6822F400421A6001F04CFDF8607B68B9
:103548005B68814A934207D8FB68804A934294BFDC
:1035580001230023DBB206E0FB687D4A934294BF57
:1035680001230023DBB2002B01D00123E7E0FB6835
:10357800784AA2FB03239B0CBB607B681B685B68D3
:1035880023F03F017B681B68BA680A435A607B686E
:103598001B681B6A23F03F017B685B686A4A934299
:1035A80002D8BB68013309E0BB684FF4967202FB8E
:1035B80003F3694AA2FB03239B0901337A68126863
:1035C8000B4313627B681B68DB6923F44F4222F0CC
:1035D800FF027B685B685C498B4219D8FB68591EFF
:1035E8007B685B685B00B1FBF3F3591C40F6FC7326
:1035F8000B40002B0AD0FB68591E7B685B685B0098
:10360800B1FBF3F30133C3F30B0351E004234FE0A1
:103618007B689B68002B11D1FB68581E7B68596832
:103628000B465B000B44B0FBF3F30133C3F30B030E
:10363800002B0CBF01230023DBB212E0FB68581EED
:103648007B6859680B469B000B4499000B44B0FB00
:10365800F3F30133C3F30B03002B0CBF0123002347
:10366800DBB2002B01D0012322E07B689B68002B92
:103678000ED1FB68581E7B6859680B465B000B44EB
:10368800B0FBF3F30133C3F30B0343F400430FE040
:10369800FB68581E7B6859680B469B000B449900D1
:1036A8000B44B0FBF3F30133C3F30B0343F4404380
:1036B800796809681343CB617B681B681B6823F032
:1036C800C0017B68DA697B681B6A1A437B681B68E0
:1036D8000A431A607B681B689B6823F4034323F042
:1036E800FF037A6811697A68D26811437A681268A8
:1036F8000B4393607B681B68DB6823F0FF017B68E2
:103708005A697B689B691A437B681B680A43DA60BD
:103718007B681B681A687B681B6842F001021A60A4
:103728007B6800221A647B68202283F83D207B682E
:1037380000221A637B68002283F83E200023184683
:103748001037BD4680BD00BFA08601007F841E00E3
:10375800FF083D0083DE1B43D34D621080B588B05F
:1037680002AFF860084611461A4603467B810B46AD
:103778003B811346FB80FFF769F87861FB6893F893
:103788003D30DBB2202B40F0D9807B6900931923B0
:1037980001226D49F86800F0B9FD0346002B01D0FD
:1037A8000223CCE0FB6893F83C30012B01D10223C3
:1037B800C5E0FB68012283F83C20FB681B681B6896
:1037C80003F00103012B07D0FB681B681A68FB682C
:1037D8001B6842F001021A60FB681B681A68FB68E4
:1037E8001B6822F400621A60FB68212283F83D20DE
:1037F800FB68402283F83E20FB6800221A64FB68BD
:103808003A6A5A62FB68BA8C5A85FB685B8D9AB231
:10381800FB681A85FB684D4ADA62F8883A89798923
:103828007B690193BB6A00930346F86800F0F0FBDC
:103838000346002B52D0012381E07A69B96AF868FF
:1038480000F07EFE0346002B0DD0FB681B6C042B9A
:1038580007D1FB681B681A68FB681B6842F4007292
:103868001A6001236BE0FB685B6A1A78FB681B68C7
:103878001A61FB685B6A5A1CFB685A62FB681B8DFD
:10388800013B9AB2FB681A85FB685B8D9BB2013BD2
:103898009AB2FB685A85FB681B685B6903F00403EE
:1038A800042B1BD1FB681B8D002B17D0FB685B6AB0
:1038B8001A78FB681B681A61FB685B6A5A1CFB680C
:1038C8005A62FB681B8D013B9AB2FB681A85FB683C
:1038D8005B8D9BB2013B9AB2FB685A85FB681B8DD6
:1038E800002BAAD17A69B96AF86800F071FE03461C
:1038F800002B0DD0FB681B6C042B07D1FB681B68E1
:103908001A68FB681B6842F400721A60012316E00B
:10391800FB681B681A68FB681B6842F400721A602F
:10392800FB68202283F83D20FB68002283F83E20B4
:10393800FB68002283F83C20002300E0022318469D
:103948001837BD4680BD00BF020010000000FFFF11
:1039580080B58CB002AFF860084611461A46034697
:103968007B810B463B811346FB80FEF76FFF786235
:10397800FB6893F83D30DBB2202B40F014827B6A61
:103988000093192301227B49F86800F0BFFC034625
:10399800002B01D0022307E2FB6893F83C30012B8F
:1039A80001D1022300E2FB68012283F83C20FB6876
:1039B8001B681B6803F00103012B07D0FB681B6819
:1039C8001A68FB681B6842F001021A60FB681B68F2
:1039D8001A68FB681B6822F400621A60FB682222DE
:1039E80083F83D20FB68402283F83E20FB680022D4
:1039F8001A64FB683A6B5A62FB68BA8E5A85FB6890
:103A08005B8D9AB2FB681A85FB685B4ADA62F888B4
:103A18003A8979897B6A0193BB6B00930346F868FE
:103A280000F08CFB0346002B01D00123BCE1FB68AE
:103A38001B8D002B13D100233B62FB681B685B695D
:103A48003B62FB681B689B693B623B6AFB681B68BF
:103A58001A68FB681B6842F400721A6090E1FB6800
:103A68001B8D012B1BD1FB681B681A68FB681B6840
:103A780022F480621A600023FB61FB681B685B69A3
:103A8800FB61FB681B689B69FB61FB69FB681B6842
:103A98001A68FB681B6842F400721A6070E1FB68E0
:103AA8001B8D022B1BD1FB681B681A68FB681B68FF
:103AB80022F480621A60FB681B681A68FB681B683E
:103AC80042F400621A600023BB61FB681B685B69F3
:103AD800BB61FB681B689B69BB61BB6950E1002344
:103AE8007B61FB681B685B697B61FB681B689B6982
:103AF8007B617B6944E1FB681B8D032B00F2F1803D
:103B0800FB681B8D012B23D17A6AB96BF86800F02A
:103B1800A7FD0346002B01D0012345E1FB681B6884
:103B28001A69FB685B6AD2B21A70FB685B6A5A1C36
:103B3800FB685A62FB681B8D013B9AB2FB681A85C9
:103B4800FB685B8D9BB2013B9AB2FB685A8517E113
:103B5800FB681B8D022B4ED17B6A0093BB6B002246
:103B68000649F86800F0D2FB0346002B08D0012371
:103B78001AE100BF020010000000FFFF040001006E
:103B8800FB681B681A68FB681B6842F400721A60BD
:103B9800FB681B681A69FB685B6AD2B21A70FB681B
:103BA8005B6A5A1CFB685A62FB681B8D013B9AB220
:103BB800FB681A85FB685B8D9BB2013B9AB2FB6878
:103BC8005A85FB681B681A69FB685B6AD2B21A706F
:103BD800FB685B6A5A1CFB685A62FB681B8D013BD9
:103BE8009AB2FB681A85FB685B8D9BB2013B9AB25F
:103BF800FB685A85C4E07B6A0093BB6B00226C4962
:103C0800F86800F083FB0346002B01D00123CBE0CA
:103C1800FB681B681A68FB681B6822F480621A60DC
:103C2800FB681B681A69FB685B6AD2B21A70FB688A
:103C38005B6A5A1CFB685A62FB681B8D013B9AB28F
:103C4800FB681A85FB685B8D9BB2013B9AB2FB68E7
:103C58005A857B6A0093BB6B00225549F86800F0CF
:103C680055FB0346002B01D001239DE0FB681B6830
:103C78001A68FB681B6842F400721A60FB681B68CC
:103C88001A69FB685B6AD2B21A70FB685B6A5A1CD5
:103C9800FB685A62FB681B8D013B9AB2FB681A8568
:103CA800FB685B8D9BB2013B9AB2FB685A85FB6847
:103CB8001B681A69FB685B6AD2B21A70FB685B6A98
:103CC8005A1CFB685A62FB681B8D013B9AB2FB6861
:103CD8001A85FB685B8D9BB2013B9AB2FB685A85DB
:103CE8004EE07A6AB96BF86800F0BAFC0346002B1C
:103CF80001D0012358E0FB681B681A69FB685B6AFE
:103D0800D2B21A70FB685B6A5A1CFB685A62FB687D
:103D18001B8D013B9AB2FB681A85FB685B8D9BB2D1
:103D2800013B9AB2FB685A85FB681B685B6903F024
:103D38000403042B24D1FB681B8D032B07D1FB68DC
:103D48001B681A68FB681B6822F480621A60FB68AB
:103D58001B681A69FB685B6AD2B21A70FB685B6AF7
:103D68005A1CFB685A62FB681B8D013B9AB2FB68C0
:103D78001A85FB685B8D9BB2013B9AB2FB685A853A
:103D8800FB681B8D002B7FF4B6AEFB68202283F8FE
:103D98003D20FB68002283F83E20FB68002283F860
:103DA8003C20002300E0022318462837BD4680BD8A
:103DB8000400010080B58AB002AFF8607A603B6009
:103DC8000B467B81FEF742FDF8610023BB61FB686F
:103DD80093F83D30DBB2202B40F01181FB69009352
:103DE800192301228849F86800F090FA0346002B4D
:103DF80001D0022304E1FB6893F83C30012B01D188
:103E08000223FDE0FB68012283F83C20FB681B6865
:103E18001B6803F00103012B07D0FB681B681A68B5
:103E2800FB681B6842F001021A60FB681B681A688D
:103E3800FB681B6822F400621A60FB68242283F87E
:103E48003D20FB6800221A64FB68704ADA62FB684E
:103E58001B681A68FB681B6842F480721A60FB6969
:103E680000933B6800224FF00111F86800F04EFA09
:103E78000346002B0DD0FB681B681B6803F4807396
:103E8800B3F5807F03D1FB684FF400721A640323F3
:103E9800B6E07B89DBB21A46FB681B6802F0FE02BB
:103EA8001A61FEF7D3FCF861FB681B685B6903F0D5
:103EB8000203022B0CBF01230023DBB2FB75FB6856
:103EC8001B685B6903F48063B3F5806F0CBF012343
:103ED8000023DBB2BB7525E0FEF7B8FC0246FB69A0
:103EE800D31A3A689A4202D33B68002B03D1FB6885
:103EF800A02283F83D20FB681B685B6903F002037E
:103F0800022B0CBF01230023DBB2FB75FB681B6887
:103F18005B6903F48063B3F5806F0CBF0123002352
:103F2800DBB2BB75FB6893F83D30DBB2A02B05D044
:103F3800FB7D002B02D1BB7D002BCDD0FB6820225E
:103F480083F83D20FB681B685B6903F00203022BC2
:103F580029D1FB681B681A68FB681B6842F4007269
:103F68001A6000233B61FB681B685B693B61FB6867
:103F78001B689B693B613B69FB690093192301221C
:103F88002149F86800F0C2F90346002B01D001234B
:103F980036E0FB68202283F83D20FB68002283F886
:103FA8003C2000232CE0FB681B681A68FB681B6830
:103FB80042F400721A60FB681B686FF480625A61F1
:103FC800FB690093192301220F49F86800F09EF954
:103FD8000346002B01D0012312E0BB690133BB610A
:103FE800BA697B689A42FFF432AFFB68202283F8F3
:103FF8003D20FB68002283F83C20012300E00223D7
:1040080018462037BD4680BD020010000000FFFFA3
:1040180080B588B002AFF860084611461A460346D4
:104028007B810B463B811346FB80FB681B681A6843
:10403800FB681B6842F480721A607B6A00933B6AD3
:1040480000224FF00111F86800F060F90346002BD8
:104058000DD0FB681B681B6803F48073B3F5807F81
:1040680003D1FB684FF400721A6403235FE07B8975
:10407800DBB21A46FB681B6802F0FE021A617B6A13
:104088003A6A2D49F86800F0BBF90346002B01D0C5
:1040980001234CE000237B61FB681B685B697B6143
:1040A800FB681B689B697B617B697A6A396AF86877
:1040B80000F046FA0346002B0DD0FB681B6C042B5E
:1040C80007D1FB681B681A68FB681B6842F400721A
:1040D8001A6001232BE0FB88012B05D13B89DAB25A
:1040E800FB681B681A6121E03B891B0A9BB2DAB2A4
:1040F800FB681B681A617A6A396AF86800F020FA66
:104108000346002B0DD0FB681B6C042B07D1FB6802
:104118001B681A68FB681B6842F400721A60012366
:1041280005E03B89DAB2FB681B681A610023184670
:104138001837BD4680BD00BF0200010080B588B0B9
:1041480002AFF860084611461A4603467B810B46C3
:104158003B811346FB80FB681B681A68FB681B6879
:1041680042F480621A60FB681B681A68FB681B6867
:1041780042F480721A607B6A00933B6A00224FF017
:104188000111F86800F0C2F80346002B0DD0FB6857
:104198001B681B6803F48073B3F5807F03D1FB6849
:1041A8004FF400721A640323AAE07B89DBB21A4633
:1041B800FB681B6802F0FE021A617B6A3A6A524980
:1041C800F86800F01DF90346002B01D0012397E0A1
:1041D80000237B61FB681B685B697B61FB681B686C
:1041E8009B697B617B697A6A396AF86800F0A8F98B
:1041F8000346002B0DD0FB681B6C042B07D1FB6812
:104208001B681A68FB681B6842F400721A60012375
:1042180076E0FB88012B05D13B89DAB2FB681B6885
:104228001A6121E03B891B0A9BB2DAB2FB681B6862
:104238001A617A6A396AF86800F082F90346002B35
:104248000DD0FB681B6C042B07D1FB681B681A6830
:10425800FB681B6842F400721A60012350E03B8936
:10426800DAB2FB681B681A617A6A396AF86800F082
:1042780067F90346002B0DD0FB681B6C042B07D194
:10428800FB681B681A68FB681B6842F400721A60B6
:10429800012335E0FB681B681A68FB681B6842F459
:1042A80080721A607B6A00933B6A00224FF001110A
:1042B800F86800F02BF80346002B0DD0FB681B684C
:1042C8001B6803F48073B3F5807F03D1FB684FF458
:1042D80000721A64032313E07B89DBB243F0010305
:1042E800DAB2FB681B681A617B6A3A6A0649F868A1
:1042F80000F086F80346002B01D0012300E00023DC
:1043080018461837BD4680BD0200010080B584B04C
:1043180000AFF860B9603B601346FB7148E03B684A
:10432800B3F1FF3F44D0FEF791FA0246BB69D31AB6
:104338003A689A4202D33B68002B39D1BB681B0C00
:10434800DBB2012B0DD1FB681B685B69DA43BB68E4
:1043580013409BB2002B0CBF01230023DBB21A468B
:104368000CE0FB681B689B69DA43BB6813409BB28F
:10437800002B0CBF01230023DBB21A46FB799A42BB
:1043880016D1FB6800221A63FB68202283F83D20BF
:10439800FB68002283F83E20FB681B6C43F0200278
:1043A800FB681A64FB68002283F83C20012323E0A1
:1043B800BB681B0CDBB2012B0DD1FB681B685B696A
:1043C800DA43BB6813409BB2002B0CBF01230023C8
:1043D800DBB21A460CE0FB681B689B69DA43BB68D2
:1043E80013409BB2002B0CBF01230023DBB21A46FB
:1043F800FB799A4293D0002318461037BD4680BDFA
:1044080080B584B000AFF860B9607A603B6071E055
:10441800FB681B685B6903F48063B3F5806F23D185
:10442800FB681B681A68FB681B6842F400721A6014
:10443800FB681B686FF480625A61FB6800221A638C
:10444800FB68202283F83D20FB68002283F83E2089
:10445800FB681B6C43F00402FB681A64FB680022CB
:1044680083F83C20012367E07B68B3F1FF3F41D02C
:10447800FEF7ECF902463B68D31A7A689A4202D3EF
:104488007B68002B36D1BB681B0CDBB2012B0CD12F
:10449800FB681B685B69DA43BB6813409BB2002B5F
:1044A80014BF01230023DBB20BE0FB681B689B6988
:1044B800DA43BB6813409BB2002B14BF01230023CF
:1044C800DBB2002B16D0FB6800221A63FB6820229F
:1044D80083F83D20FB68002283F83E20FB681B6CB4
:1044E80043F02002FB681A64FB68002283F83C2032
:1044F800012321E0BB681B0CDBB2012B0CD1FB684C
:104508001B685B69DA43BB6813409BB2002B14BF7E
:1045180001230023DBB20BE0FB681B689B69DA43CD
:10452800BB6813409BB2002B14BF01230023DBB2EE
:10453800002B7FF46DAF002318461037BD4680BDB1
:1045480080B584B000AFF860B9607A6034E0F8688C
:1045580000F0E3F80346002B01D0012334E0BB68E8
:10456800B3F1FF3F28D0FEF771F902467B68D31AF2
:10457800BA689A4202D3BB68002B1DD1FB681B683E
:104588005B6903F08003802B16D0FB6800221A6356
:10459800FB68202283F83D20FB68002283F83E2038
:1045A800FB681B6C43F02002FB681A64FB6800225E
:1045B80083F83C20012307E0FB681B685B6903F074
:1045C8008003802BC3D1002318461037BD4680BD19
:1045D80080B584B000AFF860B9607A6034E0F868FC
:1045E80000F09BF80346002B01D0012334E0BB68A0
:1045F800B3F1FF3F28D0FEF729F902467B68D31AAA
:10460800BA689A4202D3BB68002B1DD1FB681B68AD
:104618005B6903F00403042B16D0FB6800221A63BD
:10462800FB68202283F83D20FB68002283F83E20A7
:10463800FB681B6C43F02002FB681A64FB680022CD
:1046480083F83C20012307E0FB681B685B6903F0E3
:104658000403042BC3D1002318461037BD4680BD80
:1046680080B584B000AFF860B9607A6049E0FB6853
:104678001B685B6903F01003102B19D1FB681B68DA
:104688006FF010025A61FB6800221A63FB6820224F
:1046980083F83D20FB68002283F83E20FB681A6CF3
:1046A800FB681A64FB68002283F83C20012330E091
:1046B800FEF7CCF802467B68D31ABA689A4202D34E
:1046C800BB68002B1DD1FB681B685B6903F04003C6
:1046D800402B16D0FB6800221A63FB68202283F85F
:1046E8003D20FB68002283F83E20FB681B6C43F0EA
:1046F8002002FB681A64FB68002283F83C2001232F
:1047080007E0FB681B685B6903F04003402BAED1F0
:10471800002318461037BD4680BD80B483B000AF73
:1047280078607B681B685B6903F48063B3F5806F0E
:104738001BD17B681B686FF480625A617B6800221A
:104748001A637B68202283F83D207B68002283F867
:104758003E207B681B6C43F004027B681A647B680C
:10476800002283F83C20012300E0002318460C3780
:10477800BD465DF8047B704780B586B000AF7860B1
:104788007B68002B01D1012367E27B681B6803F07B
:104798000103002B75D0884B9B6803F00C03042B96
:1047A8000CD0854B9B6803F00C03082B12D1824B6D
:1047B8005B6803F48003B3F5800F0BD17E4B1B6855
:1047C80003F40033002B5BD07B685B68002B57D168
:1047D800012342E27B685B68B3F5803F06D1764BE4
:1047E8001B68754A43F4803313601DE07B685B687F
:1047F800B3F5A02F0CD1704B1B686F4A43F480238C
:1048080013606D4B1B686C4A43F4803313600BE0F4
:10481800694B1B68684A23F480331360664B1B6836
:10482800654A23F4802313607B685B68002B13D0F0
:10483800FEF70CF8386108E0FEF708F802463B6915
:10484800D31A642B01D9032307E25B4B1B6803F4DB
:104858000033002BF0D014E0FDF7F8FF386108E0D2
:10486800FDF7F4FF02463B69D31A642B01D90323F1
:10487800F3E1514B1B6803F40033002BF0D100E047
:1048880000BF7B681B6803F00203002B63D04A4B10
:104898009B6803F00C03002B0BD0474B9B6803F07D
:1048A8000C03082B1CD1444B5B6803F48003002BDA
:1048B80016D1414B1B6803F00203002B05D07B681F
:1048C800DB68012B01D00123C7E13B4B1B6823F0B8
:1048D800F8027B681B69DB00374913430B603AE039
:1048E8007B68DB68002B20D0344B01221A60FDF76F
:1048F800ADFF386108E0FDF7A9FF02463B69D31A0E
:10490800022B01D90323A8E12B4B1B6803F00203F8
:10491800002BF0D0284B1B6823F0F8027B681B693A
:10492800DB00254913430B6015E0244B00221A6075
:10493800FDF78CFF386108E0FDF788FF02463B6908
:10494800D31A022B01D9032387E11B4B1B6803F001
:104958000203002BF0D17B681B6803F00803002BCF
:1049680036D07B685B69002B16D0154B01221A6084
:10497800FDF76CFF386108E0FDF768FF02463B6908
:10498800D31A022B01D9032367E10B4B5B6F03F0AA
:104998000203002BF0D01BE0094B00221A60FDF740
:1049A80055FF38610EE0FDF751FF02463B69D31A07
:1049B800022B07D9032350E1003802400000474288
:1049C800800E4742884B5B6F03F00203002BEAD14D
:1049D8007B681B6803F00403002B00F0978000231A
:1049E800FB75814B1B6C03F08053002B0FD1002308
:1049F800BB607D4B1B6C7C4A43F0805313647A4B3D
:104A08001B6C03F08053BB60BB680123FB75774BBD
:104A18001B6803F48073002B18D1744B1B68734A0E
:104A280043F480731360FDF711FF386108E0FDF768
:104A38000DFF02463B69D31A022B01D903230CE16F
:104A48006A4B1B6803F48073002BF0D07B689B686B
:104A5800012B06D1644B1B6F634A43F001031367B4
:104A68001CE07B689B68052B0CD15F4B1B6F5E4A73
:104A780043F0040313675C4B1B6F5B4A43F001036D
:104A880013670BE0584B1B6F574A23F0010313675A
:104A9800554B1B6F544A23F0040313677B689B68CC
:104AA800002B15D0FDF7D2FE38610AE0FDF7CEFEE7
:104AB80002463B69D31A41F28832934201D9032353
:104AC800CBE0494B1B6F03F00203002BEED014E040
:104AD800FDF7BCFE38610AE0FDF7B8FE02463B6907
:104AE800D31A41F28832934201D90323B5E03E4BF1
:104AF8001B6F03F00203002BEED1FB7D012B05D1C8
:104B0800394B1B6C384A23F0805313647B689B69CC
:104B1800002B00F0A180344B9B6803F00C03082B9A
:104B28005CD07B689B69022B41D1314B00221A6013
:104B3800FDF78CFE386108E0FDF788FE02463B6908
:104B4800D31A022B01D9032387E0274B1B6803F0F4
:104B58000073002BF0D17B68DA697B681B6A1A4303
:104B68007B685B6A9B011A437B689B6A5B08013B15
:104B78001B041A437B68DB6A1B061B4913434B6003
:104B88001B4B01221A60FDF761FE386108E0FDF752
:104B98005DFE02463B69D31A022B01D903235CE070
:104BA800114B1B6803F00073002BF0D054E0104B3E
:104BB80000221A60FDF74AFE386108E0FDF746FE5C
:104BC80002463B69D31A022B01D9032345E0064B61
:104BD8001B6803F00073002BF0D13DE07B689B69F4
:104BE800012B07D1012338E0003802400070004053
:104BF800600047421B4B5B68FB607B689B69012B2D
:104C080028D0FB6803F480027B68DB699A4221D1D3
:104C1800FB6803F03F027B681B6A9A421AD1FA6864
:104C280047F6C07313407A68526A9201934211D1D1
:104C3800FB6803F440327B689B6A5B08013B1B04FA
:104C48009A4207D1FB6803F070627B68DB6A1B0637
:104C58009A4201D0012300E0002318461837BD46C8
:104C680080BD00BF0038024080B584B000AF7860D6
:104C780039607B68002B01D10123CCE0684B1B68AD
:104C880003F007033A689A420CD9654B3A68D2B2E6
:104C98001A70634B1B6803F007033A689A4201D005
:104CA8000123B8E07B681B6803F00203002B20D0C7
:104CB8007B681B6803F00403002B05D0594B9B68E5
:104CC800584A43F4E05393607B681B6803F0080379
:104CD800002B05D0534B9B68524A43F460439360C2
:104CE800504B9B6823F0F0027B689B684D49134347
:104CF8008B607B681B6803F00103002B44D07B6842
:104D08005B68012B07D1474B1B6803F40033002B6A
:104D180019D101237FE07B685B68022B03D07B6895
:104D28005B68032B07D13F4B1B6803F00073002B14
:104D380009D101236FE03B4B1B6803F00203002BF2
:104D480001D1012367E0374B9B6823F003027B689E
:104D58005B68344913438B60FDF778FDF8600AE01F
:104D6800FDF774FD0246FB68D31A41F2883293427C
:104D780001D903234FE02B4B9B6803F00C027B689F
:104D88005B689B009A42EBD1254B1B6803F0070335
:104D98003A689A420CD2224B3A68D2B21A70204B27
:104DA8001B6803F007033A689A4201D0012332E0F6
:104DB8007B681B6803F00403002B08D0194B9B6821
:104DC80023F4E0527B68DB68164913438B607B68E9
:104DD8001B6803F00803002B09D0124B9B6823F4CF
:104DE80060427B681B69DB000E4913438B6000F04F
:104DF80021F802460B4B9B681B0903F00F030A4975
:104E0800CB5C22FA03F3094A1360094B1B68184666
:104E1800FDF7D8FC002318461037BD4680BD00BFFB
:104E2800003C024000380240E08A000808000020E8
:104E38000C0000202DE9B04F90B000AF00237B6339
:104E48000023FB6300233B630023BB63584B9B6831
:104E580003F00C03082B0DD0082B00F2A080002BC8
:104E680002D0042B03D09AE0524BBB639AE0524B1A
:104E7800BB6397E04E4B5B6803F03F037B634C4B8F
:104E88005B6803F48003002B27D0494B5B689B09C0
:104E980000223B627A623B6AC3F308000021464B5A
:104EA80003FB01F2002300FB03F31344424AA0FB77
:104EB8000221F962BA62FA6A1344FB627B6B002230
:104EC800BB61FA61D7E90623D7E90A01FBF778F94C
:104ED80002460B461346FB6353E0354B5B689B0960
:104EE80000223B617A613B69C3F3080A4FF0000B6B
:104EF80052465B464FF000004FF00001590141EA6D
:104F0800D261500102460B46B2EB0A0863EB0B096B
:104F18004FF000024FF000034FEA891343EA986309
:104F28004FEA8812B2EB080463EB09054FF0000260
:104F38004FF00003EB0043EA5473E20014461D46A9
:104F480014EB0A033B6045EB0B037B604FF0000258
:104F58004FF00003D7E9004529468B02214643EA72
:104F6800915321468A02104619467B6B0022BB608A
:104F7800FA60D7E90223FBF723F902460B461346EA
:104F8800FB630B4B5B681B0C03F0030301335B00F3
:104F98003B63FA6B3B6BB2FBF3F3BB6302E0054B7D
:104FA800BB6300BFBB6B18464037BD46BDE8B08F3A
:104FB800003802400024F40040787D0180B400AF3E
:104FC800034B1B681846BD465DF8047B704700BF5D
:104FD8000800002080B500AFFFF7F0FF0246054B40
:104FE8009B689B0A03F007030349CB5C22FA03F38F
:104FF800184680BD00380240F08A000880B500AF2E
:10500800FFF7DCFF0246054B9B685B0B03F00703C9
:105018000349CB5C22FA03F3184680BD00380240EE
:10502800F08A000880B582B000AF78607B68002BFA
:1050380001D1012342E07B6893F84130DBB2002BB9
:1050480006D17B68002283F840207868FDF74EFA85
:105058007B68242283F841207B681B68DA687B68B8
:105068001B6822F40052DA60786800F0C9FD7B689A
:105078001B681A697B681B6822F490421A617B6876
:105088001B685A697B681B6822F02A025A617B6890
:105098001B68DA687B681B6842F40052DA607B6838
:1050A80000225A647B68202283F841207B682022F2
:1050B80083F842207B6800225A6300231846083789
:1050C800BD4680BD80B58AB002AFF860B9603B606C
:1050D8001346FB8000237B61FB6893F84130DBB209
:1050E800202B75D1BB68002B02D0FB88002B01D187
:1050F80001236EE0FB6800225A64FB68212283F8D2
:105108004120FDF7A3FB7861FB68FA889A84FB6865
:10511800FA88DA84FB689B68B3F5805F08D1FB687E
:105128001B69002B04D10023FB61BB68BB6103E052
:10513800BB68FB610023BB612EE03B6800937B6981
:1051480000228021F86800F02DFB0346002B05D0D3
:10515800FB68202283F8412003233AE0FB69002BF7
:105168000BD1BB691B881A46FB681B68C2F308028F
:105178005A60BB690233BB6107E0FB691A78FB68B8
:105188001B685A60FB690133FB61FB68DB8C9BB2CF
:10519800013B9AB2FB68DA84FB68DB8C9BB2002B7C
:1051A800CBD13B6800937B6900224021F86800F06E
:1051B800F9FA0346002B05D0FB68202283F841202A
:1051C800032306E0FB68202283F84120002300E047
:1051D800022318462037BD4680BD80B584B000AF95
:1051E800F860B9601346FB80FB6893F84230DBB285
:1051F800202B12D1BB68002B02D0FB88002B01D1D9
:1052080001230BE0FB6800221A63FB881A46B96881
:10521800F86800F020FB034600E002231846103728
:10522800BD4680BD80B5BAB000AF78607B681B68AA
:105238001B68C7F8E4307B681B68DB68C7F8E03098
:105248007B681B685B69C7F8DC300023C7F8D83077
:105258000023C7F8D430D7F8E43003F00F03C7F8B9
:10526800D830D7F8D830002B0FD1D7F8E43003F076
:105278002003002B09D0D7F8E03003F02003002BDF
:1052880003D0786800F0FDFB73E2D7F8D830002B24
:1052980000F0DE80D7F8DC3003F00103002B06D1E4
:1052A800D7F8E03003F49073002B00F0D180D7F8E2
:1052B800E43003F00103002B0BD0D7F8E03003F4FF
:1052C8008073002B05D07B685B6C43F001027B6820
:1052D8005A64D7F8E43003F00403002B0BD0D7F856
:1052E800DC3003F00103002B05D07B685B6C43F0D6
:1052F80002027B685A64D7F8E43003F00203002BFB
:105308000BD0D7F8DC3003F00103002B05D07B6805
:105318005B6C43F004027B685A64D7F8E43003F00E
:105328000803002B11D0D7F8E03003F02003002B3E
:1053380005D1D7F8DC3003F00103002B05D07B68DA
:105348005B6C43F008027B685A647B685B6C002BDB
:1053580000F00A82D7F8E43003F02003002B08D0CD
:10536800D7F8E03003F02003002B02D0786800F073
:1053780088FB7B681B685B6903F04003402B0CBF0C
:1053880001230023DBB2C7F8D4307B685B6C03F0E1
:105398000803002B03D1D7F8D430002B4FD07868FE
:1053A80000F093FA7B681B685B6903F04003402BAD
:1053B80041D17B681B681433C7F89C30D7F89C3000
:1053C80053E8003FC7F89830D7F8983023F04003E7
:1053D800C7F8D0307B681B681433D7F8D020C7F8DB
:1053E800A820C7F8A430D7F8A410D7F8A82041E817
:1053F8000023C7F8A030D7F8A030002BD9D17B689C
:10540800DB6B002B13D07B68DB6B8A4A1A657B68E1
:10541800DB6B1846FDF7CBFB0346002B16D07B68E9
:10542800DB6B1B6D7A68D26B104698470EE0786884
:10543800FBF78EFD0AE07868FBF78AFD06E07868DE
:10544800FBF786FD7B6800225A648DE100BF8BE183
:105458007B681B6B012B40F06781D7F8E43003F0C1
:105468001003002B00F06081D7F8E03003F0100340
:10547800002B00F059810023BB607B681B681B6808
:10548800BB607B681B685B68BB60BB687B681B682C
:105498005B6903F04003402B40F0CE807B68DB6BF8
:1054A8001B685B68A7F8BE30B7F8BE30002B00F069
:1054B800A9807B689B8DB7F8BE209A4280F0A280B5
:1054C8007B68B7F8BE20DA857B68DB6BDB69B3F5F0
:1054D800807F00F088807B681B680C33C7F88830B1
:1054E800D7F8883053E8003FC7F88430D7F88430BD
:1054F80023F48073C7F8B8307B681B680C33D7F87F
:10550800B820C7F89420C7F89030D7F89010D7F88B
:10551800942041E80023C7F88C30D7F88C30002B52
:10552800D9D17B681B6814337B677B6F53E8003FD6
:105538003B673B6F23F00103C7F8B4307B681B68F7
:105548001433D7F8B420C7F88020FB67F96FD7F871
:10555800802041E80023BB67BB6F002BE1D17B684B
:105568001B6814333B663B6E53E8003FFB65FB6DDD
:1055780023F04003C7F8B0307B681B681433D7F8B2
:10558800B020FA66BB66B96EFA6E41E800237B6606
:105598007B6E002BE3D17B68202283F842207B6856
:1055A80000221A637B681B680C33FB64FB6C53E8AE
:1055B800003FBB64BB6C23F01003C7F8AC307B68BA
:1055C8001B680C33D7F8AC20BA657B65796DBA6D6A
:1055D80041E800233B653B6D002BE3D17B68DB6B27
:1055E8001846FDF774FA7B6802225A637B689A8D25
:1055F8007B68DB8D9BB2D31A9BB21946786800F0A2
:10560800C5F8B3E07B689B8DB7F8BE209A4240F09E
:10561800AD807B68DB6BDB69B3F5807F40F0A680EB
:105628007B6802225A637B689B8D1946786800F074
:10563800ADF89BE0995900087B689A8D7B68DB8DF3
:105648009BB2D31AA7F8CE307B68DB8D9BB2002BB8
:1056580000F08E80B7F8CE30002B00F089807B6890
:105668001B680C33BB63BB6B53E8003F7B637B6BEE
:1056780023F49073C7F8C8307B681B680C33D7F8DD
:10568800C8207A643B64396C7A6C41E80023FB6378
:10569800FB6B002BE3D17B681B6814337B627B6A4E
:1056A80053E8003F3B623B6A23F00103C7F8C4306C
:1056B8007B681B681433D7F8C4203A63FB62F96A25
:1056C8003A6B41E80023BB62BB6A002BE3D17B68DD
:1056D800202283F842207B6800221A637B681B68BB
:1056E8000C333B613B6953E8003FFB60FB6823F0E8
:1056F8001003C7F8C0307B681B680C33D7F8C0208C
:10570800FA61BB61B969FA6941E800237B617B6989
:10571800002BE3D17B6802225A63B7F8CE301946D2
:10572800786800F033F823E0D7F8E43003F080031A
:10573800002B09D0D7F8E03003F08003002B03D00A
:10574800786800F036F914E0D7F8E43003F0400345
:10575800002B0ED0D7F8E03003F04003002B08D020
:10576800786800F076F904E000BF02E000BF00E0CE
:1057780000BFE837BD4680BD80B483B000AF786015
:1057880000BF0C37BD465DF8047B704780B483B01A
:1057980000AF78600B467B8000BF0C37BD465DF8D4
:1057A800047B704780B586B000AFF860B9603B6095
:1057B8001346FB713BE03B6AB3F1FF3F37D0FDF77F
:1057C80045F802463B68D31A3A6A9A4202D33B6AC2
:1057D800002B01D103233AE0FB681B68DB6803F068
:1057E8000403002B23D0BB68802B20D0BB68402B40
:1057F8001DD0FB681B681B6803F00803082B16D133
:1058080000237B61FB681B681B687B61FB681B6866
:105818005B687B617B69F86800F057F8FB680822D1
:105828005A64FB68002283F8402001230FE0FB68DC
:105838001B681A68BB681340BA689A420CBF0123F8
:105848000023DBB21A46FB799A42B4D000231846EB
:105858001837BD4680BD80B485B000AFF860B96028
:105868001346FB80FB68BA689A62FB68FA889A85D7
:10587800FB68FA88DA85FB6800225A64FB682222F2
:1058880083F84220FB681B69002B07D0FB681B6864
:10589800DA68FB681B6842F48072DA60FB681B6890
:1058A8005A69FB681B6842F001025A61FB681B6871
:1058B800DA68FB681B6842F02002DA6000231846A9
:1058C8001437BD465DF8047B704780B495B000AFCF
:1058D80078607B681B680C337B637B6B53E8003F05
:1058E8003B633B6B23F49073FB647B681B680C334E
:1058F800FA6C3A64FB63F96B3A6C41E80023BB63CA
:10590800BB6B002BE5D17B681B6814333B623B6A99
:1059180053E8003FFB61FB6923F00103BB647B682C
:105928001B681433BA6CFA62BB62B96AFA6A41E856
:1059380000237B627B6A002BE5D17B681B6B012B04
:1059480019D17B681B680C33FB60FB6853E8003F88
:10595800BB60BB6823F010037B647B681B680C3357
:105968007A6CBA617B617969BA6941E800233B6165
:105978003B69002BE5D17B68202283F842207B68B5
:1059880000221A6300BF5437BD465DF8047B704798
:1059980080B584B000AF78607B689B6BFB60FB6868
:1059A8000022DA85F868FBF7D3FA00BF1037BD4646
:1059B80080BD80B485B000AF78607B6893F84130D3
:1059C800DBB2212B3ED17B689B68B3F5805F14D195
:1059D8007B681B69002B10D17B681B6AFB60FB6826
:1059E8001B881A467B681B68C2F308025A607B68EA
:1059F8001B6A9A1C7B681A6208E07B681B6A591C40
:105A08007A6811621A787B681B685A607B68DB8C3D
:105A18009BB2013B9BB27A681946D184002B0FD107
:105A28007B681B68DA687B681B6822F08002DA6092
:105A38007B681B68DA687B681B6842F04002DA60A2
:105A4800002300E0022318461437BD465DF8047BA6
:105A5800704780B582B000AF78607B681B68DA68F1
:105A68007B681B6822F04002DA607B68202283F89A
:105A780041207868FFF780FE002318460837BD46A6
:105A880080BD80B58CB000AF78600023FB62002336
:105A9800BB627B6893F84230DBB2222B40F0AA80CD
:105AA8007B689B68B3F5805F15D17B681B69002B09
:105AB80011D17B689B6ABB627B681B685B689BB281
:105AC800C3F308039AB2BB6A1A807B689B6A9A1C64
:105AD8007B689A6224E07B689B6AFB627B689B68B0
:105AE800B3F5805F07D07B689B68002B0AD17B6881
:105AF8001B69002B06D17B681B685B68DAB2FB6AFE
:105B08001A7008E07B681B685B68DBB203F07F03F0
:105B1800DAB2FB6A1A707B689B6A5A1C7B689A62C5
:105B28007B68DB8D9BB2013B9BB27A681946D185B5
:105B3800002B5DD17B681B68DA687B681B6822F0E4
:105B48002002DA607B681B68DA687B681B6822F4CD
:105B58008072DA607B681B685A697B681B6822F070
:105B680001025A617B68202283F842207B68002268
:105B78005A637B681B6B012B35D17B6800221A6343
:105B88007B681B680C337B617B6953E8003F3B6192
:105B98003B6923F010037B627B681B680C337A6ACD
:105BA8003A62FB61F9693A6A41E80023BB61BB6963
:105BB800002BE5D17B681B681B6803F01003102BD2
:105BC8000AD10023FB607B681B681B68FB607B684D
:105BD8001B685B68FB60FB687B689B8D194678686F
:105BE800FFF7D4FD02E07868FBF784F9002302E0B0
:105BF800002300E0022318463037BD4680BD000070
:105C08002DE9B04FC0B000AFC7F8F400D7F8F430B2
:105C18001B681B6923F44050D7F8F430D968D7F8CB
:105C2800F4301A6840EA01031361D7F8F4309A682F
:105C3800D7F8F4301B691A43D7F8F4305B691A4374
:105C4800D7F8F430DB691343C7F8F830D7F8F430E5
:105C58001B68DB6823F4164121F00C01D7F8F430F7
:105C68001A68D7F8F8300B43D360D7F8F4301B68BC
:105C78005B6923F44070D7F8F4309969D7F8F430A9
:105C88001A6840EA01035361D7F8F4301A688F4B59
:105C98009A4205D0D7F8F4301A688D4B9A4204D14D
:105CA800FFF7ACF9C7F8FC0003E0FFF793F9C7F872
:105CB800FC00D7F8F430DB69B3F5004F40F00C81F5
:105CC800D7F8FC300022C7F8E830C7F8EC20D7E94D
:105CD8003A4522462B469118B9655B41FB65D7E9E1
:105CE8001623214612EB0108294643EB01094FF020
:105CF80000024FF000034FEAC90343EA58734FEA22
:105D0800C80290469946234618EB0303C7F8E030CB
:105D18002B4649EB0303C7F8E430D7F8F4305B6847
:105D28000022C7F8D830C7F8DC20D7E936120B466E
:105D3800DB183B65134642EB03037B65D7E9142365
:105D4800D7E93801FAF73CFA02460B46614BA3FB48
:105D580002235B091C01D7F8FC300022C7F8D030B9
:105D6800C7F8D420D7E9348942464B469118B9641C
:105D78005B41FB64D7E91223414612EB010A49460D
:105D880043EB010B4FF000024FF000034FEACB0347
:105D980043EA5A734FEACA0292469B4643461AEBB5
:105DA8000303C7F8C8304B464BEB0303C7F8CC30A6
:105DB800D7F8F4305B680022C7F8C030C7F8C420B1
:105DC800D7E930120B46DB183B64134642EB03035A
:105DD8007B64D7E91023D7E93201FAF7F1F90246D3
:105DE8000B4611463B4BA3FB01235B09642202FBD4
:105DF80003F3CB1ADB0003F13202364BA3FB022379
:105E08005B095B0003F4F8731C44D7F8FC300022EC
:105E1800C7F8B830C7F8BC20D7E92E8942464B46A8
:105E28009118B9635B41FB63D7E90E2341465118CA
:105E3800396349464B417B634FF000024FF0000342
:105E4800D7E90CAB5946CB00514643EA517351464A
:105E5800CA0010461946034642469B18C7F8B03098
:105E68004B460A4642EB0303C7F8B430D7F8F43080
:105E78005B680022C7F8A830C7F8AC20D7E92A1217
:105E88000B46DB18BB62134642EB0303FB62D7E900
:105E98000A23D7E92C01FAF793F902460B460D4B72
:105EA800A3FB02135B09642101FB03F3D31ADB0094
:105EB8003233084AA2FB03235B0903F00702D7F831
:105EC800F4301B6822449A6006E100BF00100140CC
:105ED800001401401F85EB51D7F8FC300022C7F8A9
:105EE800A030C7F8A420D7E9288942464B46911824
:105EF80039625B417B62D7E9082341465418494619
:105F080043EB01054FF000024FF00003EB0043EABA
:105F18005473E20014461D464346E318C7F8983008
:105F28004B4645EB0303C7F89C30D7F8F4305B6861
:105F38000022C7F89030C7F894204FF000024FF0C5
:105F48000003D7E9244529468B00214643EA91738B
:105F580021468A00D7E92601FAF732F902460B46AC
:105F6800604BA3FB02235B091C01D7F8FC3000221D
:105F7800C7F88830C7F88C20D7E9228942464B46B3
:105F88009118B9615B41FB61D7E906234146511875
:105F9800396149464B417B614FF000024FF00003E5
:105FA800D7E904AB5946CB00514643EA51735146F1
:105FB800CA0010461946034642469B18C7F8803067
:105FC8004B460A4642EB0303C7F88430D7F8F4304F
:105FD8005B680022BB67FA674FF000024FF00003CE
:105FE800D7E91E8949468B00414643EA91734146E9
:105FF8008A00D7E92001FAF7E3F802460B46114672
:10600800384BA3FB01235B09642202FB03F3CB1A81
:106018001B013233334AA2FB03235B0903F0F0036D
:106028001C44D7F8FC3000223B677A67D7E91C8903
:1060380042464B469118B9605B41FB60D7E90223A1
:1060480041465118396049464B417B604FF0000288
:106058004FF00003D7E900AB5946CB00514643EA5D
:1060680051735146CA0010461946034642469B18CA
:10607800BB664B460A4642EB0303FB66D7F8F4308F
:106088005B6800223B667A664FF000024FF000031F
:10609800D7E9188949468B00414643EA917341463E
:1060A8008A00D7E91A01FAF78BF802460B460D4B1E
:1060B800A3FB02135B09642101FB03F3D31A1B0141
:1060C8003233084AA2FB03235B0903F00F02D7F817
:1060D800F4301B6822449A6000BF07F58077BD46FC
:1060E800BDE8B08F1F85EB5180B400AFBFF34F8F71
:1060F80000BF064BDB6803F4E0620449044B13431A
:10610800CB60BFF34F8F00BF00BFFDE700ED00E09D
:106118000400FA0580B588B000AF3B46184600F089
:10612800E5FA034683F00103DBB2002B01D000231C
:106138000DE0BB69002B01D0012308E00123BB61FE
:1061480000237B613B46184600F0EAFA03461846EE
:106158002037BD4680BD80B500AFFFF7C5FF000002
:1061680080B483B000AF0346FB71FB79002B01D1EB
:10617800044B00E0044B18460C37BD465DF8047B21
:10618800704700BF000001080000080880B483B011
:1061980000AF0346FB71FB79002B02D14FF4E023DB
:1061A80001E04FF4002318460C37BD465DF8047B28
:1061B800704780B483B000AF0346FB71FB79002BB6
:1061C8000CBF01230023DBB218460C37BD465DF82F
:1061D800047B704780B58AB000AF3B1D184600F0BD
:1061E80085FA034687F8273097F82730002B02D026
:1061F800BB68DBB200E0002387F8263097F826302A
:106208001846FFF7D6FF03461A460C4B1A700B4B7D
:106218001B781846FFF7A4FF0346094A1360074B8B
:106228001B781846FFF7B2FF0346064A1360064B71
:1062380000221A7000BF2837BD4680BDE005002047
:10624800E4050020E8050020F405002080B586B0AC
:1062580000AF78601D4B1B78002B01D0022330E083
:106268007B68002B04D01A4B1B687A689A4201D9C4
:10627800032326E0174B1B78FB75FB7D002B01D110
:10628800042300E008233B610423FB60F9683869B4
:1062980000F089F9034683F00103DBB2002B01D03B
:1062A80004230EE00C4A7B6813600C4B00221A6032
:1062B80000F0F2F803460A4A1360044B01221A70F0
:1062C800002318461837BD4680BD00BFF4050020DE
:1062D800E8050020E0050020EC050020F00500207E
:1062E800F805002080B584B000AFF860B9601346A7
:1062F800FB801F4B1B7883F00103DBB2002B01D01E
:10630800012331E01B4B1B68FA689A4201D006232F
:106318002AE0FA88FB681A44174B1B689A4201D98D
:10632800032321E0154B1A68FB681344FA88B968FF
:10633800184600F070F9034683F00103DBB2002B26
:1063480001D0052310E00E4B1B68FA88B96818467F
:1063580000F0B4F803460A4A1360FA88054B1B6834
:106368001344044A1360002318461037BD4680BD05
:10637800F4050020F0050020EC050020E4050020CD
:10638800F805002080B58CB000AF7860224B1B78F0
:1063980083F00103DBB2002B01D0012338E01F4B4F
:1063A8001A681F4B1B689A4204D01B4B00221A70B4
:1063B80006232DE01B4B1B68184600F0B1F8F86265
:1063C800FA6A7B689A4204D0134B00221A7007239A
:1063D8001EE007F10C03184600F088F9124BFB6029
:1063E80001237B610E4B1B68BB61FB6AFB610A4B97
:1063F80000221A7007F10C03184600F091F90346C1
:1064080083F00103DBB2002B01D0082300E0002356
:1064180018463037BD4680BDF4050020F005002041
:10642800EC050020F80500203141544F80B485B0B8
:1064380000AF0023FB601CE0FB68BB6000237B60AF
:106448000CE0BB6803F001035A42104B1340BA68D2
:1064580052085340BB607B6801337B607B68072B25
:10646800EFDD0B49FB68BA6841F82320FB6801336C
:10647800FB60FB68FF2BDFD9064B01221A7000BFB7
:106488001437BD465DF8047B704700BF2083B8ED24
:10649800FC050020FC09002080B500AF064B1B78E6
:1064A80083F00103DBB2002B01D0FFF7BFFF4FF0F1
:1064B800FF33184680BD00BFFC09002080B586B0B8
:1064C80000AFF860B9607A60134B1B7883F0010362
:1064D800DBB2002B01D0FFF7A9FF00237B6111E09D
:1064E800BA687B6913441B781A46FB685340DBB2D1
:1064F8000A4A52F82320FB681B0A5340FB607B6959
:1065080001337B617A697B689A42E9D3FB68184654
:106518001837BD4680BD00BFFC090020FC050020DF
:1065280080B483B000AF78607B68DB4318460C37D3
:10653800BD465DF8047B704780B58AB000AF7860CF
:10654800FCF7AAFB07F1100300221A605A609A6050
:10655800DA601A610023FB6000233B6102233B627F
:106568007B68BB610123FB6107F10C0207F1100393
:1065780011461846FCF7F2FC034687F82730FCF76B
:10658800ADFB97F82730002B05D1FB68B3F1FF3F2F
:1065980001D1012300E0002303F00103DBB2184618
:1065A8002837BD4680BD80B58AB000AF78603960B5
:1065B800FCF772FB07F1100300221A605A609A6018
:1065C800DA601A610023FB6000233B6102233B620F
:1065D8007B68BB613B68FB6107F10C0207F11003A4
:1065E80011461846FCF7BAFC034687F82730FCF733
:1065F80075FB97F82730002B05D1FB68B3F1FF3FF7
:1066080001D1012300E0002303F00103DBB21846A7
:106618002837BD4680BDB0B58CB000AFF860B96012
:106628007A60FCF739FB012387F82F300023BB621F
:106638004FE04FF0FF337B627A68BB6AD31AFB6185
:10664800FB69042B28BF0423BB6100233B6219E0CC
:106658003B6ADB00FF2202FA03F3DB437A6A13404A
:106668007B62BA6A3B6A1344BA6813441B781A46B9
:106678003B6ADB0002FA03F37A6A13437B623B6AE4
:1066880001333B623A6ABB699A42E1D3FA68BB6A52
:10669800D1187B6A00221C46154622462B4602204A
:1066A800FCF7A8FA0346FB75FB7D002B03D00023FB
:1066B80087F82F3011E0FA68BB6A13441B687A6ABE
:1066C8009A4203D0002387F82F3006E0BB6A0433D0
:1066D800BB62BA6A7B689A42ABD3FCF7FFFA97F8B9
:1066E8002F3018463037BD46B0BD000080B582B0A7
:1066F80000AF786020220849786800F0D7F97B68F5
:106708001B68064A93420CBF01230023DBB21846DC
:106718000837BD4680BD00BF008000083141544F96
:1067280080B582B000AF78600220FFF705FF03460E
:1067380083F00103DBB2002B01D0002305E0202207
:1067480079680448FFF767FF034618460837BD46CF
:1067580080BD00BF008000082DE9F04FD0E905C3D7
:10676800016803FB0CF3024601EB83008142576882
:1067780083B080F01F8115694FEA8C06644601EBEF
:1067880006088845966840F20981A5F1100E4FEA7F
:106798001E1ECDE900010EF1010E4FEA8E1B4FEAD5
:1067A800850907EB8E1E8C460F2D9FED957A40F2DA
:1067B800048107F1400106F14003284651ED0F6AB4
:1067C80053ED0F7A53ED105A11ED106A53ED0D4A3F
:1067D80013ED0C5A51ED0A3A13ED0A3A13ED094A32
:1067E80011ED061A53ED061A11ED052A53ED052A87
:1067F80067EEA67A51ED0E6AE5EE867A10380F2814
:1068080053ED0E5A11ED0D6AE5EEA67A01F140013D
:1068180003F1400351ED1C5A51ED1B6AE4EE867AF0
:1068280013ED1B6A51ED194AE5EE257A11ED185A58
:1068380053ED185AE6EE267A11ED176A53ED176AEA
:10684800E3EE237A11ED143A53ED143AE4EE247A88
:1068580051ED134A13ED134AE5EE257A51ED125A1C
:1068680013ED125AE6EE267A51ED116A13ED116A0C
:10687800E1EE217AE2EE227AE3EE237AE4EE247A5C
:10688800E5EE257AE6EE267A37EE277A96D806EBF5
:106898000B0105F00F00734603285FD9D1ED016A9B
:1068A800D3ED017A93ED006A93ED025AD1ED025AC5
:1068B80067EEA67AD1ED006AE6EE267A041F032C6D
:1068C80093ED036AD1ED036A77EE277AE5EE257A30
:1068D800E6EE267AB0EE677A38D9D1ED056AD3EDBF
:1068E800057A93ED046A93ED065AD1ED065A67EEE0
:1068F800A67AD1ED046AE6EE267AA0F1080ABAF182
:10690800030F93ED076AD1ED076AE5EE257AE6EE07
:10691800267A37EE277A19D9D3ED096AD1ED097AA3
:1069280091ED086A91ED0A5AD3ED0A5A67EEA67AF4
:10693800D3ED086AE6EE267A91ED0B6AD3ED0B6A81
:10694800E5EE257AE6EE267A37EE277AA4080134B2
:1069580001EB041103EB041300F00300A8B1D3ED1D
:10696800006AD1ED007A0128A6EEA77A0DD0D3ED02
:10697800016AD1ED017A0228A6EEA77A05D0D1EDF9
:10698800026AD3ED027AA6EEA77A4E44ACEC017AFD
:10699800E0453FF609AFDDE900015469D36883B9E2
:1069A800156901EB8401884207EB85074FEA8406E5
:1069B8003FF6E5AE03B0BDE8F08F284631463B46CA
:1069C8006AE7002CECD0D1ED007A93ED007A77EEEF
:1069D800877AC1ED007A5469012CE1D90D1D012394
:1069E800D46895ED007A04EB8304D4ED007A77EE51
:1069F800877A0133E5EC017A54699C42F0D8CFE7F5
:106A08000000000002F18043013B01EB8302914248
:106A18004FEA830C14D80CF104019FED0A7A131D78
:106A28000844A2EB0C0273ED017AF5EEC07AF1EEA0
:106A380010FAB8BFF0EE477A934260ED017AF2D1CE
:106A4800704700BF0000000002440346934200D193
:106A5800704703F8011BF9E7014B1868704700BF3E
:106A68003400002070B50D4B0D4D5B1B9C100026AB
:106A7800A64209D100F08EFE0A4D0B4B5B1B9C1001
:106A88000026A64205D170BD55F8043B984701364B
:106A9800EEE755F8043B98470136F2E7D08E000838
:106AA800D08E0008D08E0008D48E00080A44914287
:106AB80000F1FF3300D1704710B511F8014B03F80E
:106AC800014F9142F9D110BD08B52DED028BB0EE02
:106AD800408A00F05DF8B4EE488AF1EE10FA06D666
:106AE800DFED098AB4EEE88AF1EE10FA02D4BDECC3
:106AF800028B08BDFFF7B0FF88EEA80ABDEC028B39
:106B08002123036008BD00BF0000000010EE103A0A
:106B180023F0004300EE103A704700BF10EE103A21
:106B2800194923F000428A421AD9B2F1FF4F02D321
:106B380030EE400A704700B583B0684600F040F96F
:106B480000F0030001289DED000ADDED010A12D0D6
:106B580002280AD090B9012000F0EAF803B000BD7D
:106B6800DFED0A0A002000F0E3B8012000F0E0F8A9
:106B7800B1EE400AF2E700F059F8EFE700F056F8F6
:106B8800B1EE400AEAE700BFD80F493F0000000015
:106B9800B1EEC00A704700BF10EE102AC2F3C75307
:106BA8007F3B162B22F000411BDC002B10461EDB1E
:106BB8001A4919410A4223D0DFED197A70EE277A73
:106BC800F5EEC07AF1EE10FA1ADD002A04DA4FF475
:106BD800000242FA03F3184420EA010300EE103AD7
:106BE8007047B1F1FF4F0BD330EE000A7047DFED6D
:106BF8000C7A70EE277AF5EEC07AF1EE10FA00DC26
:106C08007047002A02DB9FED070A704711B99FED14
:106C1800060A7047BFEE000AF2E700BFFFFF7F00D9
:106C2800CAF24971000000000000008010EE103A1E
:106C380023F00043B3F1485F2CD2FDEEC07A17EE83
:106C4800903A002B60D060EE007A9FED317A9FED8C
:106C5800315ADFED315A9FED316ADFED316AA7EE27
:106C6800875A9FED307AE7EE855AA7EEA56AA7EE18
:106C7800867AE7EE876A67EEA66A60EEC00AB6EE25
:106C8800007AE7EEA60AB7EE000AD7EE870A30EEDA
:106C9800600A704760EE007A9FED1D7A9FED1D5ADD
:106CA800DFED1D5A9FED1D6ADFED1D6A1E4AA7EE36
:106CB800875A93429FED1B7AE5EE275AA5EEA76AFD
:106CC800A6EE277AE7EE276A66EEA76AD5D9174AAD
:106CD800934214D803F17F4307EE103AB7EE006AE7
:106CE80036EE476A60EEC00AF6EE005A97EEA57ACD
:106CF800E7EEA60A37EE607A36EE470A7047B6EE38
:106D0800076AB5EE027AEDE7B7EE000A704700BFF2
:106D18004ED747ADF6740F317CF293B4010DD037DE
:106D2800ABAA2A3D610BB6BA9999993E0000483F33
:106D380010EE103A23F00043B3F1485F04D2FDEEA1
:106D4800C07A17EE903A5BB360EE007A9FED157A41
:106D5800DFED155A9FED156ADFED156AE7EE875AE4
:106D68009FED147AA5EEA76A20EE275AE6EE276A69
:106D7800A6EEA77A30B9DFED106AE7EE876AA6EECD
:106D8800850A704727EE457AF6EE006AA0EEA67AE5
:106D9800DFED0A6AD7EE270AE5EE260A30EE600A2A
:106DA800704700BFD3C92E2F342FD7B21BEF383608
:106DB800010D50B98988083CABAA2ABEABAA2A3E65
:106DC80070B510EE103A8B4A23F00044944286B016
:106DD800054671D9884A94421E4624D823F00042B9
:106DE800002BDFED867A864922F00F02B0EE407A5A
:106DF80040F3E6808A4270EE677A09BF9FED817A98
:106E0800DFED816ADFED816A77EEC77A37EEE67AE1
:106E180077EEC77A80ED007A77EEE67AC0ED017AF0
:106E2800012006B070BD7A4A944253D9B4F1FF4F9D
:106E380049D2E215863AA4EBC25307EE903ABDEE6A
:106E4800E77ADFED746AB8EEC77A77EEC77A8DED28
:106E5800037A67EEA67ABDEEE77AB8EEC77A77EEE0
:106E6800C77A8DED047A67EEA67AF5EE407AF1EEF0
:106E780010FACDED057A40F08E80B5EE407AF1EE4D
:106E880010FA40F08A8001236349019102210091A0
:106E980003A8294600F038F9002EC2DA95ED007AE9
:106EA800D5ED017AB1EE477AF1EE677A85ED007A91
:106EB800C5ED017A4042B4E7002285ED000A426040
:106EC800002006B070BD70EE407AC0ED017AC0EDCA
:106ED800007AF5E7FFF71AFE9FED507A9FED476AB3
:106EE800F6EE007AE0EE077A9FED477AFDEEE77A54
:106EF800F8EEE76A17EE900AA6EEC60A1F2866EEB5
:106F0800877AB1EE666A30EE677A1EDC444A411E23
:106F180026F0004352F8212023F0FF03934214D0B7
:106F280085ED007A30EE470A002E30EE670A85EDCF
:106F3800010ABFF676AFB1EE477AB1EE400A85EDA9
:106F4800007A85ED010A40426BE717EE103AC3F369
:106F5800C753C3EBD453082B4FEAE452E0DD9FED4F
:106F6800297A9FED2A5AF0EE405AE6EE075A70EE5B
:106F7800657AE6EE077AD6EE857A35EEE77A17EE89
:106F8800103AC3F3C753D21A192A08DCB0EE650ABF
:106F980085ED007AC6E7032376E7022374E79FEDC1
:106FA800217A9FED215AB0EE650AA6EE070A75EE22
:106FB800C07AE6EE077AD6EE857A30EE677AAFE7E2
:106FC8008A4270EE277A09BF9FED0E7ADFED0E6ACE
:106FD800DFED0E6A77EE877A37EEA67A77EEC77A14
:106FE80080ED007A77EEA67AC0ED017A4FF0FF3097
:106FF80017E700BFD80F493FE3CB1640800FC93FC2
:10700800D00FC93F004435374344353708A3852E90
:10701800800F494300008043788B000884F9223FA1
:10702800F88A000800A3852E32318D2410EE103A1C
:1070380033F000411A4625D0B1F1FF4F1FD213F0AB
:10704800FF4F20D1DFED297A294A60EE277A904256
:1070580017EE903A31DB4CF2503CC3F3C751604510
:107068001A46A1F1190114DD002BDFED227A9FEDFC
:10707800210AB8BFDFED207A27EE800A704730EE8C
:10708800000A704770474CF2503C60454FEAD151B6
:10709800EADC0144FE29E7DC002915DC11F1160FB2
:1070A80019DB193122F0FF4242EAC15207EE902A59
:1070B8009FED120A27EE800A7047DFED117A07EE7E
:1070C800103A27EE270A704722F0FF4242EAC153DE
:1070D80000EE103A7047002BDFED097A9FED080AA1
:1070E800B8BFDFED087A27EE800A70470000004C31
:1070F800B03CFFFFCAF24971CAF249F100000033FF
:107108006042A20D6042A28D2DE9F04F2DED048B57
:10711800DBB01C46944603930A46BA4B68991CF1A7
:10712800040F53F82170824604F1FF39C0F25682E9
:10713800BCF1030348BF0CF10403DB1002930133D5
:107148004FEAC30EACEB0E030593029B17EB090045
:10715800A3EB090316D401309FEDAB7A699C184460
:107168001EA9002BA4BF54F8235007EE905A03F130
:107178000103ACBFF8EEE77AF0EE477A8342E1EC20
:10718800017AEED1002FC0F2E28203991EA800EB2B
:1071980081004FEA81087E18002346AD4C460AEB71
:1071A8008101B9F1000F80F2C8800134B44245F87A
:1071B800043B00F10400F4D10DF1280B0BEB87031D
:1071C800CDE9062E043B9FED929ADFED908A059853
:1071D80004930AEB080446AE0BEB87080097CDF83A
:1071E80020C00DEB8703002F93ED460A4FEA870571
:1071F80015DD73195A4660EE097AB0EE407AFDEE55
:10720800E77A73ED016AF8EEE77AB342A7EEE87A17
:1072180037EEA60ABDEEC77AA2EC017AEBD101904F
:10722800FFF704FFF4EE007AB0EE408A20EE270A5A
:10723800FFF7B2FCF2EE007AA0EE678A0198002808
:10724800FDEEC89AF8EEE97A38EE678A40F3828054
:10725800791EC0F108035BF821E04EFA03FC0CFA32
:1072680003F3AEEB030EC0F1070219EE903A4EFAA3
:1072780002F26344002A09EE903A4BF821E000F349
:10728800AF80B5EE408AF1EE10FA74D1009B9F42B0
:107298000ADD5D44002355F8041D454543EA010312
:1072A800F9D1002B40F00281009B013B5BF82320C1
:1072B8007B1C9C46002A40F0F780049A012152F872
:1072C800045D0131002DFAD03944029D039A05EB83
:1072D800030E0EF1804E699D0EF1FF3E3A4405EB18
:1072E8008E0E1EAD06EB830705EB8205DEED017AF7
:1072F800F8EEE77AB9F1000F0EF1040EE5EC017A29
:10730800DFED417A09DB2A465346F3EC016A32ED98
:10731800017AA342E6EE877AF7D10CF1010C8C458D
:10732800E7EC017AE2DD0F465BE70134B442E5ECB5
:10733800017A00F104003FF43FAFDFED337A834672
:107348005346F3EC016A3BED017A8B42E6EE877A0D
:10735800F7D1EAE700F09180F6EE007AB4EEE78A1A
:10736800F1EE10FA80F22981B5EE408AF1EE10FABA
:107378004FF000028AD09246DDE9062EDDF820C0E3
:107388000197AEEB0C00B0EE480A009F0092FFF7A1
:107398004DFEDFED1E6AB4EEE60AF1EE10FADDE905
:1073A8000023F0EE407AC0F29C819FED197A05998E
:1073B80020EE077A0831BDEEC77A0591B8EEC77A94
:1073C8005C1CE7EE667ABDEEC77AFDEEE77A17EE4B
:1073D800901A4BF8231017EE103A4BF824307EE041
:1073E8000133002F09EE903A40F39D8159464FF042
:1073F800000E51F8043B002B39D0C3F5807341F8D7
:10740800043C0CE0BC8E0008000000000000804333
:107418000000803B0B68C3F1FF0341F8043B0EF109
:10742800010E7745F6DC01239E4600280BDD012876
:1074380000F0BB80022806D1791E5BF8213003F0EA
:107448003F0C4BF821C0022A7FF41BAFB7EE000AAD
:10745800734630EE488A002B3FF413AF099201902F
:10746800FFF7E4FD0198099A38EE408A09E70EF122
:10747800010E7745BDDC9E46D7E77B1E5BF82320CF
:10748800D211002A7FF7FDAE19EE903A002F03F1D2
:10749800010309EE903AA9DC022A7FF4F2AEF7EE76
:1074A800007A37EEC88AECE619460EE73B46924664
:1074B800DDE905125C1EA1F108005BF82410009FAD
:1074C800059061B903F18043013B0BEB830301464F
:1074D80053F8040D013C08390028F9D005910598A6
:1074E8000092B7EE000AFFF7A1FD002C009AB0EE5B
:1074F800407AC0F22281601C46AD5FED3B6A810094
:107508000BEB800305EB800073ED017AF8EEE77A68
:107518005B4567EE877A27EE267A60ED017AF3D12C
:107528000DF1C8080E1F2E44C646A4460025002F9C
:107538007DDBDFF85C92DFED957A3046002307E0CB
:10754800F9EC016AB0EC017A9F42E6EE877A03DB38
:107558009D4203F10103F3DA0CF1FF3CBCF1FF3F5C
:10756800EEEC017A05F10105A6F10406E1D1689B6C
:10757800022B6ADC002B36DC0ED1DFED847A414425
:1075880031ED017A884577EE877AF9D15346002B99
:1075980040F0C680C2ED007A19EE903A03F0070079
:1075A8005BB0BDEC048BBDE8F08F791E5BF8213031
:1075B80003F07F0C4BF821C045E719EE903A002FF5
:1075C80003F1010309EE903AC8BF02223FF70EAF5C
:1075D800F7EE007A37EEC88A022252E600234FF00F
:1075E800080E0293AEE5DDED327A9FED687A4144EC
:1075F80071ED016A884537EE267AF9D15346002B9A
:1076080040F0848077EEC77A82ED007A64B133A9BE
:107618000123B1EC017A01339C4277EE877AF8DADC
:1076280053460BB1F1EE677AC2ED017AB4E70CF17B
:10763800FF3C0023BCF1FF3F4EF8043B05F1010578
:10764800A6F104067FF473AF91E7689B032BA3D1DF
:10765800002C00F08C8008EB840595ED007AA000E2
:107668002B46294671ED017AF0EE476A37EE277A04
:10767800884577EEC77A81ED007A77EEA67AC1ED74
:10768800017AEFD1012C72D095ED007A08F104014E
:1076980073ED017AF0EE476A37EE277A994277EE72
:1076A800C77A83ED007A77EEA67AC3ED017AEFD137
:1076B800031DDFED367A434408F1080833ED017AFB
:1076C800984577EE877AF9D15346DDED326A9DED1C
:1076D800337A73B9C2ED006A82ED017AC2ED027A9B
:1076E8005AE7FDEEC07A1C4617EE901A4BF82310A5
:1076F800F5E6F1EE666AB1EE477AF1EE677AC2ED29
:10770800006A82ED017AC2ED027A45E7F1EE476A36
:1077180077EEC77AC2ED006A002C7FF478AF81E774
:10772800F1EE677A36E7012815D002287FF4B4AE67
:107738000EF03F034BF82130AEE6689B022B12DCBB
:10774800002B17DC7FF428AFDFED107A1EE7039BD0
:107758004FEA830830E50EF07F03022A4BF8213008
:107768007FF48FAD9BE6689B032B7FF415AFDFEDAD
:10777800077AA9E75346DDED327A1BB14FF0004393
:1077880013604FE7002313604EE700BF00000000BE
:10779800908E0008F8B500BFF8BC08BC9E4670473C
:0C77A800F8B500BFF8BC08BC9E46704756
:1077B800091C3442EED04C3F539ACA42E61B34426D
:1077C80063D14C3F509ACA42CE1B34422DD24C3F13
:1077D8004E9ACA42BE1B3442C4D24C3F4C9ACA424B
:1077E800B31B344228D34C3F4B9ACA42871B3442BE
:1077F8005BD34C3F499ACA425F1B344239D34C3F52
:10780800459ACA42401B344217D34C3F429ACA4257
:107818001A1B344291D24C3F3F9ACA42F11A344261
:1078280070D24C3F3B9ACA421D776840BF0D613EFB
:10783800EF8CBE3EAB776840520F613EE78EBE3E8E
:107848004F786840AE11613E1590BE3EB8786840EA
:107858000A14613EBC90BE3E107968405915613EDD
:107868002E92BE3E3E7968402316613E1095BE3E7C
:10787800077968409C15613EAF97BE3E2079684005
:107888005915613E2099BE3E25796840FD12613E3A
:10789800E19BBE3E8E7968407712613E499FBE3EAD
:1078A8000001C0B10000000027D44E56C30FB0D469
:1078B8000000005800000000000000000000000068
:1078C80000000000D8780008000000000000000058
:1078D80092239BBE9AEE3C3E409DF33C5FC3CBBED9
:1078E800C893F33DCA67943C3D51B9BE0104D13DEC
:1078F800EDD9243D4AC39DBE5699D53D62F9FC3C5D
:1079080087C0A6BE5E28523DE6C26F3CDB8EB1BE84
:107918009895163CE03FECBC30D6B0BE29E311BDCB
:10792800F0E7643D8097B4BE73FFCABDDF9D803D1C
:1079380074F5ACBE0020E7BD68885B3B8F02C8BE0B
:10794800D30A1ABE2F6C0D3D65906B3E4EDFCF3DBE
:1079580061E2683D0ECEF93DE7ECAEBCFAB8453BB6
:10796800142FCA3D6C18843B072953BC797C9A3E76
:1079780015D15E3DEF074E3D70CB823E1B14BBBC5C
:10798800DC0B07BD7DB4193E1F9491BD879FA3BD35
:10799800C462463EBF608EBDE3BAE43C8277393E9E
:1079A800978452BE43931D3DD1781B3E244CDEBDC7
:1079B80062D1DCBC263DE63D7A5D02BEA455D83CCA
:1079C800FB59F93E45C28D3E6C8C1E3D39CEB93E01
:1079D80065A0203ECE1A70BD8C12ED3E41F0153EDA
:1079E80032AF073D26AADD3E5728013DB3CD32BD53
:1079F800337BBC3E2A274EBEAF07E4BC8ACC143F7B
:107A0800AD452DBE0A293D3D19ECFB3EC9C29DBEC0
:107A18006D7EF6BCE7A7113FA7A3C6BE4716EE3C8E
:107A2800DA68083F4D29A7BE707337BDE7CBB23E71
:107A38009BC40DBFB69C33BD29EA9A3C43A72CBE14
:107A480020063CBD65E6883C72BDD1BDDF89233D7B
:107A58002B0F203ED51CBCBDCEAF04BE52A5333E75
:107A68001C90293E55EB273DFAF9A0BC77CB053D84
:107A7800B0A3E63CBFD63B3E2D360ABE415DB03CC6
:107A8800A850AD3E0A479FBC44631E3E6696403EE2
:107A980048BE8B3D69616D3D8B4B663EFACE403DDD
:107AA80050EB5DBE38B2613E4D7265BD1AE2823B55
:107AB80092C5B23EA3377DBE0E7960BEED89113FF7
:107AC800B52602BF981F2DBED4CCCA3ECD749ABE2F
:107AD8009FAE05BE1C71003FF7148DBDF35C06BD5B
:107AE800D25EE43E58FDF33D6696FABC30EE133F95
:107AF800039D923D18CEFABB6153D83E3CD07D3DE4
:107B08005B81153E0029FA3E6193C23DAD7E53BDAF
:107B1800A833FE3E9083123EB4AD9A3D9D74073F54
:107B2800E00CB03EF234B73C06618BBECA522EBEA2
:107B38001696EB3D1E1F84BE0A55ADBE1B61763CF2
:107B4800D31AC2BEDD5081BDD5AE803BAC5E61BEEE
:107B5800334E553D4E909F3D0419FDBD76E1263EBE
:107B680010F6B5BD51BF79BE1E0A6A3DE022FEBCC3
:107B78000FB8BCBEBEB4893E0919D4BC302BC0BEF8
:107B88001A8BCE3DD12587BC49BBEEBE2218E23EFA
:107B9800C22E2A3E96EDE2BE9A091C3FDEB74F3C44
:107BA8001C74C73DA656A4BE3EB3E0BD03FA6BBE27
:107BB800B61179BEE082203D4AF7F33DCD0B5DBE9C
:107BC800B185C73D631473BDC0907EBCCDDD6CBD6F
:107BD8005AF982BD4285723D1D74053C39EAE43D7F
:107BE8002517D3BB42463BBE64FE953D107E303D13
:107BF800571F123ECD6AA8BD9069473EC7090C3E83
:107C0800A3C2F03DA207FB3DA171C3BD5CC1D2BDBB
:107C1800BEE2353E0E2AD43CF450073FD1F217BEDF
:107C28009F76353EC5A2903E57842BBD5527F43C20
:107C38008A24E53E84914B3DA47F2C3E4CB5853E7D
:107C48004D1317BEA54C95BD5C87D53EB6EA72BEEE
:107C58009E97ABBD2B37023FCAADC0BCD427A0BA94
:107C6800DA29B83E39249A3C519D80BEA02BD33ED8
:107C78006BD8C7BC1A848BBC5FD4B63EDFAD6D3EF3
:107C88007585943D2738023E487CF53D1B3DBABDBD
:107C98004705D6BE30EA57BEE33E07BE245D79BE2F
:107CA800201F823D971AA53CE0E34CBEB29561BD0A
:107CB800A8484EBBBC0400BFD338A9BDA08586BD6B
:107CC800DF85E8BE03F7853D679CAB3DD9BABCBEEE
:107CD8001849113EFBAAA83D6F3AA3BE901F103E5B
:107CE800BE6926BB177CB7BEFB0FD43EC44943BD53
:107CF800859989BE68C80E3E2803D4BC186D1CBE81
:107D0800E3504C3EDCE973BC0669AEBD331E763EDB
:107D1800C08BB73DCF58383E27A3313EE29ECBBC3F
:107D2800AAB3D8BD87AC273EFBDB8FBD7461153D78
:107D3800678D6A3C4EF8513D81AE3A3D22E552BD11
:107D4800A0A55CBC705C97BD1A4D99BB3AE71B3E79
:107D58009F7D4EBD0193F3BCEF6AF2BD2A0C903DA6
:107D6800A8E01ABE4D4BF0BDA184B8BD1FD09ABD86
:107D78006C14A73D8517AF3D6C0DFCBD477E06BD55
:107D8800ED4227BE4C7CC2BE7478A73D6C63A63D0D
:107D98009A499DBEA7079C3D02B689BDA929A8BEE0
:107DA800C879FF3CB8A603BE24BAD0BEC772A83DA6
:107DB8008A13B1BD1295A9BE5CFBD23D3B99EFBDBC
:107DC80048AA83BEDC9D543E2C6EDABD079550BE92
:107DD8008FC30B393F5C6BBDCFB5F5BD1E1A87BC91
:107DE8000CAEF6BD1756EFBD13450F3E3080273D4C
:107DF800CF540CBD1A75683DF17528BD4C098FBE6E
:107E0800C210333D3CE4533D7A7534BED96C8EBD07
:107E1800128FF1BDD2CF28BEF44C8FBD2F69AD3D76
:107E2800C91121BE273B463C1BBDC7BC297C1CBED3
:107E3800499A8F3C135320BE91D80C3E6D9B833DCD
:107E4800813A0BBD96E9063E6EF664BDE35DD13D11
:107E5800292D523E260335BDB87085BB15C8903E06
:107E680031369BBD62609D3DF787853E13CE7CBC55
:107E7800F2A4553EBD61F63E499AD4BDB543D7BD7F
:107E8800C4C3C73E2BC2C2BD548FB03D9312D33E6C
:107E98009C162CBD87CB263E8C74033F1530D1BD74
:107EA800AB04DA3D198FD63E0C9502BEF7A01A3EF8
:107EB800C366A73E6E7786BE0BA30A3EEA8A853E56
:107EC8000E15523958D0943DEF281B3EA704AA3C02
:107ED800D1491D3EA2B0153E103A3ABE34B344BD56
:107EE8000FD82A3DAA1C92BD507D083EC0CCD93D72
:107EF8000979503EF5BBFE3DEFF50E3E1ECD5F3EC7
:107F0800D657183E8ECA173E4B655F3E060B003E9D
:107F180063D8293E536D553ED5C9F73D6CBB303EFD
:107F280066CF5F3EE155133EEC4F313EA436583ED6
:107F3800E824143E033B2F3E5E42623ED879083E59
:107F480064DE3F3EC24D603E075E153E6AE9223E52
:107F5800AFD1513ECF170C3EB275143E76765B3EDC
:107F68008D40B03E7B874ABECB85C73DB0C3A03E9F
:107F78007C3AA83D349B9B3DAA66D43EA2A01B3CFC
:107F8800F228B33C09857D3E6F14DBBDAAD710BD2E
:107F9800D3769A3EB81A38BE6C617EBC96139D3E65
:107FA800AF1A94BD5F40383D788DCB3EDE45C93C65
:107FB80023733CBE2D0AB33EF992E43DAB8F6CBDF2
:107FC8007F21A23EC298053E6A22A1BDF208A93EC1
:107FD8008A880E3D9D0EADBD0728D7BD2EF1ACBDDC
:107FE800784323BE7257C9BD9668E2BD50E72FBEDD
:107FF80054A8EDBDE765E8BD5FFA2EBEDDCDC3BD73
:108008000A0003BE48CA26BEAC0EC4BD3BDA0ABE8F
:10801800889C2EBEBE4CE6BD25340CBE77132ABE06
:108028006E46E8BD999509BEDB5C30BE4431D5BDCE
:10803800EDAA15BEF82C2FBEE9CEEABD6843FFBDF8
:108048009E6F25BE4159DDBD060AE9BD96CA29BE07
:10805800C12BDBBE48E840BE281774BFC8A3013F48
:10806800CC1BA43E408B223FE6A3683F10A04A3FAA
:108078006557F13E87F025BF783CB13D09B8A83F68
:108088000004E1BD230E0D3E08BF063F6259DCBD6A
:1080980036B5123FA736113D2D392DBF2A0B8C3E20
:1080A800F0B7B33E06D3013F0B86B23E90040E3FB5
:1080B800D2DFEC3EA833FDBD22B81C3EE7330E3FAD
:1080C8002B12E9BD7CADF9BD716CB73C9D702A3EA1
:1080D8008EAF4D3E1EC6023F780DF3BE47D0043E1C
:1080E8009E9EEA3E6FBAB33EAA55103F67E6D43E5D
:1080F800898B9F3D528CCDBE7BD9123F1C2F043FEC
:10810800EE48E4BE2B08273E96C3933EDEA44CBE41
:10811800085EAC3D9F64F9BB82AEEDBE7CA1FF3D1D
:10812800B866B13E941BAF3EE5D0023E1BF8A13EB7
:108138000F7DAE3E7014123D20E528BEB663B23EF8
:108148006F1F0B3EB0E8673EB3C36A3EBE2D91BEBB
:10815800A0C281BE1F1B233E0CEFC0BEE7F7513DF6
:10816800E3F1E73E07C78C3E528A813E4EF16C3EF2
:108178007D13453E49B8F0BD90263BBDFE52AF3E4B
:10818800ABC5283D62658ABEE95FEA3EFA08B43E9F
:10819800D280DD3E0AC7F23EBAA5373FBAEB153F9B
:1081A800ED1A063F95AA603DD64A0BBEA066623E10
:1081B8000A9835BE7C957A3E51CE19BD0BF58D3E99
:1081C800CB390E3F394D60BE6FC639BECD9FFDBE5F
:1081D8001A5450BDE3C75B3E2FBB633E9FF492BE6B
:1081E800804D963EF5A90ABE3D9F2FBEBDDCC43E1C
:1081F8009562BE3D3AC69E3CE24A9B3EEC0941BEB2
:10820800EB6C8BBDE5E1D93EFEE9CC3EF03FDEBE2E
:10821800688515BF8A14713E628E3A3E49A6003FB2
:10822800053A0BBF713B2DBE0B6A923E53AECFBED3
:10823800720ACC3DD07799BD2FC0D73EFB9BAB3D92
:10824800365AA43DE75A78BCA4CC433F12782DBED9
:108258007D0407BF7A0AC6BEF379393CE35B223D49
:1082680039F66F3D1087103F0D29723E53C590BEF9
:10827800A028B73C017AAD3E599E383D9D3537BEA2
:108288005C58473C7D3710BD1EA1ED3EB3C24A3E47
:10829800D93CA03C627582BE635ACD3ECA8AF43E80
:1082A800EB39CBBDE7279E3E55A4913E66C5A53E5A
:1082B80018FF993E7011E63D8001B03E5D850EBE07
:1082C8000E4CC2BDA7AD95BE1BBB203EA1F062BD42
:1082D80049BD63BE154D063E170375BE75DD503E9C
:1082E800F1B246BEBCC7A83E909E4EBEF343AC3D1D
:1082F80050E3AABD9D79CBBC054CF23D1DED963EE1
:108308008E6356BC61E8463E082AE3BD48E795BE41
:108318008D1DEB3C848E34BE7C982ABEC930603EED
:108328009F8A15BFB40C22BED4FA453F4634B4BE6A
:10833800A610053DFCED9F3E3330923E4302A43E1D
:10834800C009C93EC0B9ABBDE94AB83ED296D63ECF
:108358003182E2BE93DD22BCFDD665BD57AE923EAA
:10836800822D72BE2EDFAEBD5FBA003D1897F23E79
:10837800E242B2BE3A35043E9E2B493E1FE447BD59
:108388001C18A8BD235A6A3D0F05193E918DCA3D98
:10839800A09E1A3EB5E5C93EDC4283BEAE7C0BBE4C
:1083A80002D976BD43A4743E779190BEA188E8BDFA
:1083B8008B8257BE3C2F9DBBC22E0DBC4962C03E6E
:1083C800C61179BD05CD54BE6E91FC3D8B31613E21
:1083D8006FA137BD5FAF09BCC415E53D2D29713DBF
:1083E800729FA0BEE2B740BD6F813F3F0BEA1E3EC1
:1083F8004AD609BFBAC900BD5BBCA4BDF7A4BA3D43
:1084080052DEDEBD228FCD3D882C693ECDF4FDBD08
:1084180011738CBECC108DBE0A5A8B3E5941AE3EAC
:108428006519B9BE2EEBAC3D3A0C823E0A7EFBBC08
:1084380012A4D3BE19DC323EE453BC3EE5E386BE4B
:10844800750AD63D931CD4BE038D2F3E6687DF3D4B
:108458004C4AAB3E23557C3E680BA83DF1975FBC68
:108468007F0649BD88C83B3EBF8BADBE32DD643D4B
:10847800B691F2BDB1209ABD553908BD99E5DB3EEC
:10848800A94227BDC173ACBDBCB5A93D9D7793BEBC
:10849800B956E8BD54C939BD036D8F3EE6D81BBE39
:1084A800E798E3BE4E983EBE195ABF3E1FC6313EFE
:1084B8007C9F07BE015F9F3EBF7720BE599F383E15
:1084C8005E7CB13E0AA7BC3E24D84F3EF26DA33D68
:1084D800D1A711BE1FA1D3BE3EBD803EB4BA243D74
:1084E80012A8FABD26AB703EAD20E73D1F60CC3E1A
:1084F800852814BF6C9A623DE5063DBD6BAB04BE92
:108508003F8A48BEE1CE71BDFF3FD33EA6516A3EC9
:10851800006B883E21878C3D68B258BDA397D8BEB2
:10852800207E9EBE70A2CE3EC5EC00BEFB852DBE51
:10853800F637C6BC4458973CAB169E3C5AD15F3EB2
:10854800E4A8A63E6EDFB0BD9FE1ABBCC4879C3EED
:108558006D77273EBBE988BE66C2823E867050BBF7
:10856800A183BEBEB480073E7E9EB33E3D3B2F3EF8
:10857800C25F81BEDCEC8A3E58F74DBE4FE5B1BD07
:10858800662C5FBE0295273ECF80B73E3D5080BE29
:10859800D26E9EBD31EE1BBF6440BF3EEA3E873DB2
:1085A80067F59FBEF617F8BA35A4F13D2D4AD6BD3A
:1085B8000C04B3BE8EE2EA3E2A4DDF3E5E6907BE7A
:1085C800366E22BD18EDACBE26CB9F3D3DCE32BCEB
:1085D800375C523E9539933EC42BDD3D24E429BED9
:1085E8009C2307BE5F64673E12DE84BE6A04353D85
:1085F800D37E9BBDB1B6A4BD10DD733D5EE6B43E2F
:10860800C78F6CBDB46310BEC9A0C53CA0C2AB3E49
:108618001E32C2BD66718DBC84EF703E32E04A3CAA
:108628008F6E1ABEC27ABABE37F5B5BDDB1519BE54
:108638008A78BCBEBDAA323E59D18EBD879F5C3DAB
:10864800D860953E2C92633D3750E13ED0B1C3BD12
:10865800133152BD0C36A3BEC3BD453EC991823EFF
:108668007492AFBE50CFC1BDA396AE3DC4FE933E3B
:108678004DF578BE7704AF3E6616B93ED937D1BD01
:10868800CE96083D8AB018BE1FAD70BD133A3E3E67
:10869800968FBC3EB81404BD42A8F53D27D355BEFD
:1086A80016E524BEE519F03E3EDCC0BD4F29713CFD
:1086B80040A7B5BE01D8A53A7C1054BEFA423F3E49
:1086C800E46D6B3E975BD5BD712C7B3C3C4F9ABEED
:1086D800C3AF3E3E2EFB14BE03CF5A3D25227A3E41
:1086E8002EA590BE5A2518BEEF7B45BE345EC1BE8E
:1086F8007DB7E2BD9B65113EEA27E33DA1180EBE9A
:10870800ED21093DE6348F3EE1F8F73E61128BBE5C
:10871800F05756BE5DB6C5BD14FA7B3ECDF89E3DFA
:10872800AFB0B1BE6C5F27BE8861ED3D98AB7EBD32
:108738005F98D4BEC8F3B23E58CDD33E23E401BE01
:108748001830283DE7A0C5BDA464A5BDF98C49BE75
:10875800E0FFD83E6A5E523E1774E0BDF213463D14
:1087680080BF54BE2858D43E719EE2BDD59470BADD
:1087780063E241BE96C2DCBEC11631BE513E503ED8
:10878800FF5656BEB4F70B3D0E3A313E865B79BEB6
:108798005C80313E75606CBE42E0853E0AACBDBD72
:1087A800B4BAAB3D187D6EBE924F01BF211C85BE89
:1087B800412FB8BEAB0DF03D7D6F123E1CB0E9BD38
:1087C80010AFE8BD18F93B3D4BD7133F8987273ECB
:1087D800ADFFADBC66F201BF447644BD120A9A3EB5
:1087E8006C31FBBE1A3620BD8028863D6B5F543C39
:1087F8005E04C7BB8379A73EF077023F1969A8BD1D
:10880800A63DE03E663C113EB0095D3D20F39EBEAC
:10881800844E6C3E26E95C3E1D3113BE52099DBE56
:10882800069174BEC79D553EA57637BE28BE00BECC
:10883800071504BE0EDA0EBCB98D003E86B98A3E15
:10884800D34A9EBDC3ED8F3D632578BEB1FA9ABD6C
:10885800AE75C73DAEB60BBE87C6833E227EF23DDF
:10886800760D1E3E5D8C52BE157F2DBFF1AB2A3EA4
:108878006105F1BE661B53BD70CAC3BE4F245DBE01
:108888002B20AD3E9A45ED3E933CE43E15C714BC03
:10889800CAEF983B061383BE1DA9D73E7425D6BDE3
:1088A8004ABEE3BE8A8C6C3B6EC7E53DB8F37DBD1E
:1088B8006B3761BE614F983E9FFCBF3EB4ED01BE71
:1088C800A5E1DDBD5D418D3E45D149BCE4C99DBDF5
:1088D8008FB4473E521FCA3E6B37993D0B96CDBEAB
:1088E800494635BE5078C73EAC7185BE1AE5B8BD5D
:1088F800229936BD43DC403D085B2EBD6596B43EEB
:10890800B7AF49BDD472DCBA47EA323E49D9ACBEEA
:10891800AA52E8BCCB2D8CBDDDAB48BDA4B336BD97
:108928002A3190BDF36BECBD688343BFB72894BD73
:108938005DA201BE5081A83EA40F0FBE697AC6BED3
:10894800E9C00FBE40E20F3F94BB2B3E1D1B913D7B
:1089580048FFB43B34B4B5BD30BBDC3E6FDD58BD19
:108968009AB76CBE58DA28BD0B6BC13DDCC77F3B9C
:10897800724EE5BE2CC0043EBC53CC3E1EADE6BDD7
:10898800B811173EC407F3BD0F490F3E4B8424BEF0
:1089980008ED7A3EB389343ECFA0443D8F3275BE90
:1089A8005BD980BEFBD6823E3A5A84BEA1CBEABDD3
:1089B800C1D8263D922B3ABE814243BDBE51B23E3C
:1089C800601E213C4DEB03BE8131963EA1D91F3D6F
:1089D8006B04533EE4D243BEF5C757BEBDD8F23D43
:1089E8009AFFEA3D13B7FCBE095C8EBF18245EBD32
:1089F80016B6D6BD4E549A3E290222BE309B87BE7B
:108A0800251BC8BE7444763E1AC0603EE21C613D18
:108A18009B78D83D940F883DF6BFA33E055FE83D9F
:108A28000C3D6ABE152420BD31B0913D368CF23E16
:108A3800E7656DBE898496BD8F41C73EE290AFBDA4
:108A480078C925BEF61314BEC8C76C3E6696473E65
:108A5800DCDBD33D623A333E2A4D863CEBEC90BEDC
:108A6800BF6553BE0BEEC13EDF4A15BE7183D3BD51
:108A7800C154033F691D1EBE0F18B1BC2E30CE3E37
:108A8800EF6D113D1D7E91BDC1ABAF3D74DEE0BD04
:108A9800662515BE41C2E23C19D80DBD20419FBDD7
:108AA80057EA9EBEE0EAC23C87C9943D11F901BF6E
:108AB800CDED00BE2A03BF3CC55B9CBE9F19AC3DF3
:108AC80001F31DBEAFC229BFE6EC193D2B992FBE9D
:108AD800AA174EBFECE241BE0000000000000000F3
:108AE800010203040607080900000000010203044C
:108AF800000FC93F000F494000CB9640000FC94006
:108B08000053FB4000CB164100ED2F41000F4941B7
:108B18000031624100537B41003A8A4100CB9641C3
:108B2800005CA34100EDAF41007EBC41000FC9418C
:108B380000A0D5410031E24100C2EE410053FB41A3
:108B480000F20342003A0A420083104200CB164268
:108B580000141D42005C234200A5294200ED2F426B
:108B680000363642007E3C4200C74242000F49426E
:108B7800A2000000F9000000830000006E00000061
:108B88004E0000004400000015000000290000000D
:108B9800FC0000002700000057000000D100000082
:108BA800F500000034000000DD000000C0000000F7
:108BB800DB00000062000000950000009900000042
:108BC8003C0000004300000090000000410000004D
:108BD800FE0000005100000063000000AB00000030
:108BE800DE000000BB000000C500000061000000BE
:108BF800B7000000240000006E0000003A000000EA
:108C0800420000004D000000D2000000E00000001B
:108C180006000000490000002E000000EA000000E5
:108C280009000000D1000000920000001C000000B4
:108C3800FE0000001D000000EB0000001C0000000A
:108C4800B100000029000000A70000003E0000005D
:108C5800E80000008200000035000000F500000078
:108C68002E000000BB00000044000000840000004B
:108C7800E90000009C0000007000000026000000D1
:108C8800B40000005F0000007E000000410000000A
:108C98003900000091000000D600000039000000F3
:108CA800830000005300000039000000F4000000B9
:108CB8009C000000840000005F0000008B000000A2
:108CC800BD000000F9000000280000003B00000083
:108CD8001F000000F800000097000000FF000000DF
:108CE800DE00000005000000980000000F000000F2
:108CF800EF0000002F000000110000008B000000B2
:108D08005A0000000A0000006D0000001F0000006B
:108D18006D000000360000007E000000CF0000005B
:108D280027000000CB00000009000000B700000089
:108D38004F000000460000003F00000066000000F1
:108D48009E0000005F000000EA0000002D00000007
:108D58007500000027000000BA000000C7000000EE
:108D6800EB000000E5000000F10000007B000000BF
:108D78003D0000000700000039000000F700000077
:108D88008A0000005200000092000000EA00000083
:108D98006B000000FB0000005F000000B100000055
:108DA8001F0000008D0000005D00000008000000AA
:108DB80056000000030000003000000046000000DC
:108DC800FC0000007B0000006B000000AB0000000E
:108DD800F0000000CF000000BC00000020000000F0
:108DE8009A000000F4000000360000001D0000009A
:108DF800A9000000E30000009100000061000000ED
:108E08005E000000E60000001B00000008000000F3
:108E18006500000099000000850000005F00000068
:108E280014000000A00000006800000040000000DE
:108E38008D000000FF000000D80000008000000046
:108E48004D00000073000000270000003100000002
:108E58000600000006000000150000005600000093
:108E6800CA00000073000000A8000000C90000004C
:108E780060000000E20000007B000000C00000006D
:108E88008C0000006B0000000000C93F0000F039B2
:108E98000000DA370000A2330000842E0000502BB7
:108EA8000000C2270000D0220000C41F0000C61B1B
:108EB800000044170400000007000000090000003B
:088EC8003073FF7F0100000080
:048ED000AD010008E8
:048ED4008901000808
:108ED80020010020393000000024F40010000000B8
:108EE8000100000000000000000000000000000079
:108EF8000000000001000000000000000000000069
:108F0800000000003800002000000000000A0020D7
:108F1800680A0020D00A00200000000000000000BD
:108F28000000000000000000000000000000000039
:108F38000000000000000000000000000000000029
:108F48000000000000000000000000000000000019
:048F58000000000015
:040000050800273593
:00000001FF
